{
    "0": 58.0,
    "1": 74.0,
    "2": 85.0,
    "3": 66.0,
    "4": 87.0,
    "5": 43.5,
    "6": 86.0,
    "7": 70.0,
    "8": 7.5,
    "9": 43.5,
    "10": 49.5,
    "11": 32.0,
    "12": 43.5,
    "13": 66.0,
    "14": 32.0,
    "15": 81.5,
    "16": 43.5,
    "17": 78.5,
    "18": 70.0,
    "19": 3.5,
    "20": 14.0,
    "21": 72.0,
    "22": 26.5,
    "23": 39.0,
    "24": 55.5,
    "25": 26.5,
    "26": 74.0,
    "27": 39.0,
    "28": 76.0,
    "29": 60.0,
    "30": 3.5,
    "31": 11.0,
    "32": 53.0,
    "33": 23.0,
    "34": 39.0,
    "35": 49.5,
    "36": 23.0,
    "37": 68.0,
    "38": 37.0,
    "39": 53.0,
    "40": 63.5,
    "41": 3.5,
    "42": 12.0,
    "43": 47.0,
    "44": 20.0,
    "45": 32.0,
    "46": 58.0,
    "47": 18.0,
    "48": 83.0,
    "49": 32.0,
    "50": 84.0,
    "51": 81.5,
    "52": 0.5,
    "53": 13.0,
    "54": 49.5,
    "55": 16.5,
    "56": 32.0,
    "57": 55.5,
    "58": 19.0,
    "59": 78.5,
    "60": 32.0,
    "61": 70.0,
    "62": 66.0,
    "63": 0.5,
    "64": 9.5,
    "65": 74.0,
    "66": 15.0,
    "67": 32.0,
    "68": 61.5,
    "69": 16.5,
    "70": 78.5,
    "71": 32.0,
    "72": 78.5,
    "73": 63.5,
    "74": 3.5,
    "75": 9.5,
    "76": 58.0,
    "77": 21.0,
    "78": 25.0,
    "79": 49.5,
    "80": 32.0,
    "81": 61.5,
    "82": 23.0,
    "83": 43.5,
    "84": 43.5,
    "85": 7.5,
    "86": 6.0,
    "87": 53.0
}