{
    "0": 46.0,
    "1": 46.0,
    "2": 83.5,
    "3": 46.0,
    "4": 69.0,
    "5": 16.0,
    "6": 87.0,
    "7": 46.0,
    "8": 2.5,
    "9": 26.0,
    "10": 46.0,
    "11": 35.0,
    "12": 46.0,
    "13": 73.5,
    "14": 31.5,
    "15": 55.0,
    "16": 46.0,
    "17": 80.0,
    "18": 63.5,
    "19": 2.5,
    "20": 10.5,
    "21": 73.5,
    "22": 28.0,
    "23": 46.0,
    "24": 73.5,
    "25": 27.0,
    "26": 57.5,
    "27": 37.5,
    "28": 83.5,
    "29": 63.5,
    "30": 2.5,
    "31": 10.5,
    "32": 63.5,
    "33": 46.0,
    "34": 46.0,
    "35": 67.5,
    "36": 46.0,
    "37": 57.5,
    "38": 46.0,
    "39": 67.5,
    "40": 54.0,
    "41": 6.0,
    "42": 20.5,
    "43": 66.0,
    "44": 22.5,
    "45": 31.5,
    "46": 73.5,
    "47": 10.5,
    "48": 60.5,
    "49": 31.5,
    "50": 85.0,
    "51": 82.0,
    "52": 2.5,
    "53": 16.0,
    "54": 63.5,
    "55": 24.5,
    "56": 31.5,
    "57": 73.5,
    "58": 16.0,
    "59": 57.5,
    "60": 31.5,
    "61": 80.0,
    "62": 73.5,
    "63": 2.5,
    "64": 10.5,
    "65": 80.0,
    "66": 22.5,
    "67": 31.5,
    "68": 73.5,
    "69": 16.0,
    "70": 57.5,
    "71": 36.0,
    "72": 86.0,
    "73": 78.0,
    "74": 7.0,
    "75": 16.0,
    "76": 73.5,
    "77": 24.5,
    "78": 16.0,
    "79": 46.0,
    "80": 20.5,
    "81": 46.0,
    "82": 16.0,
    "83": 46.0,
    "84": 37.5,
    "85": 8.0,
    "86": 2.5,
    "87": 60.5
}