{
    "0": 41.0,
    "1": 41.0,
    "2": 20.5,
    "3": 41.0,
    "4": 9.0,
    "5": 75.5,
    "6": 9.0,
    "7": 41.0,
    "8": 71.5,
    "9": 62.0,
    "10": 62.0,
    "11": 41.0,
    "12": 41.0,
    "13": 23.5,
    "14": 62.0,
    "15": 26.0,
    "16": 56.5,
    "17": 3.5,
    "18": 11.5,
    "19": 81.0,
    "20": 67.0,
    "21": 23.5,
    "22": 52.5,
    "23": 41.0,
    "24": 31.0,
    "25": 62.0,
    "26": 20.5,
    "27": 56.5,
    "28": 1.0,
    "29": 7.0,
    "30": 82.5,
    "31": 75.5,
    "32": 16.5,
    "33": 62.0,
    "34": 62.0,
    "35": 31.0,
    "36": 71.5,
    "37": 28.5,
    "38": 75.5,
    "39": 0.0,
    "40": 3.5,
    "41": 86.5,
    "42": 84.5,
    "43": 20.5,
    "44": 41.0,
    "45": 41.0,
    "46": 26.0,
    "47": 62.0,
    "48": 16.5,
    "49": 52.5,
    "50": 3.5,
    "51": 6.0,
    "52": 82.5,
    "53": 68.0,
    "54": 13.5,
    "55": 41.0,
    "56": 41.0,
    "57": 26.0,
    "58": 52.5,
    "59": 13.5,
    "60": 41.0,
    "61": 11.5,
    "62": 16.5,
    "63": 79.5,
    "64": 62.0,
    "65": 41.0,
    "66": 52.5,
    "67": 41.0,
    "68": 28.5,
    "69": 62.0,
    "70": 20.5,
    "71": 41.0,
    "72": 3.5,
    "73": 9.0,
    "74": 79.5,
    "75": 71.5,
    "76": 16.5,
    "77": 71.5,
    "78": 69.0,
    "79": 52.5,
    "80": 75.5,
    "81": 41.0,
    "82": 78.0,
    "83": 31.0,
    "84": 41.0,
    "85": 84.5,
    "86": 86.5,
    "87": 52.5
}