{
    "0": 58.0,
    "1": 73.0,
    "2": 85.0,
    "3": 63.0,
    "4": 87.0,
    "5": 46.5,
    "6": 86.0,
    "7": 71.0,
    "8": 7.5,
    "9": 43.0,
    "10": 48.0,
    "11": 31.5,
    "12": 43.0,
    "13": 66.5,
    "14": 31.5,
    "15": 78.5,
    "16": 43.0,
    "17": 81.5,
    "18": 70.0,
    "19": 3.0,
    "20": 14.0,
    "21": 73.0,
    "22": 26.5,
    "23": 38.5,
    "24": 55.5,
    "25": 26.5,
    "26": 75.5,
    "27": 38.5,
    "28": 75.5,
    "29": 63.0,
    "30": 3.0,
    "31": 11.0,
    "32": 53.5,
    "33": 22.5,
    "34": 38.5,
    "35": 50.5,
    "36": 22.5,
    "37": 68.5,
    "38": 36.0,
    "39": 50.5,
    "40": 63.0,
    "41": 5.0,
    "42": 12.5,
    "43": 46.5,
    "44": 20.0,
    "45": 31.5,
    "46": 58.0,
    "47": 18.0,
    "48": 83.0,
    "49": 38.5,
    "50": 84.0,
    "51": 81.5,
    "52": 0.5,
    "53": 12.5,
    "54": 50.5,
    "55": 17.0,
    "56": 31.5,
    "57": 55.5,
    "58": 19.0,
    "59": 78.5,
    "60": 31.5,
    "61": 68.5,
    "62": 66.5,
    "63": 0.5,
    "64": 9.5,
    "65": 73.0,
    "66": 15.5,
    "67": 31.5,
    "68": 60.0,
    "69": 15.5,
    "70": 78.5,
    "71": 31.5,
    "72": 78.5,
    "73": 63.0,
    "74": 3.0,
    "75": 9.5,
    "76": 58.0,
    "77": 21.0,
    "78": 24.5,
    "79": 50.5,
    "80": 31.5,
    "81": 63.0,
    "82": 24.5,
    "83": 43.0,
    "84": 43.0,
    "85": 7.5,
    "86": 6.0,
    "87": 53.5
}