{
    "0": 42.0,
    "1": 42.0,
    "2": 22.5,
    "3": 42.0,
    "4": 9.0,
    "5": 72.0,
    "6": 9.0,
    "7": 42.0,
    "8": 72.0,
    "9": 62.0,
    "10": 62.0,
    "11": 42.0,
    "12": 42.0,
    "13": 22.5,
    "14": 62.0,
    "15": 26.0,
    "16": 54.5,
    "17": 3.0,
    "18": 15.0,
    "19": 81.0,
    "20": 67.0,
    "21": 22.5,
    "22": 54.5,
    "23": 42.0,
    "24": 31.0,
    "25": 62.0,
    "26": 18.5,
    "27": 54.5,
    "28": 3.0,
    "29": 7.0,
    "30": 82.5,
    "31": 76.0,
    "32": 15.0,
    "33": 62.0,
    "34": 62.0,
    "35": 31.0,
    "36": 72.0,
    "37": 28.5,
    "38": 76.0,
    "39": 0.0,
    "40": 3.0,
    "41": 86.5,
    "42": 84.5,
    "43": 22.5,
    "44": 42.0,
    "45": 42.0,
    "46": 26.0,
    "47": 62.0,
    "48": 18.5,
    "49": 42.0,
    "50": 3.0,
    "51": 6.0,
    "52": 82.5,
    "53": 68.0,
    "54": 12.5,
    "55": 42.0,
    "56": 42.0,
    "57": 26.0,
    "58": 54.5,
    "59": 12.5,
    "60": 42.0,
    "61": 11.0,
    "62": 18.5,
    "63": 79.5,
    "64": 62.0,
    "65": 42.0,
    "66": 42.0,
    "67": 42.0,
    "68": 28.5,
    "69": 62.0,
    "70": 18.5,
    "71": 54.5,
    "72": 3.0,
    "73": 9.0,
    "74": 79.5,
    "75": 72.0,
    "76": 15.0,
    "77": 72.0,
    "78": 69.0,
    "79": 54.5,
    "80": 76.0,
    "81": 42.0,
    "82": 78.0,
    "83": 31.0,
    "84": 42.0,
    "85": 84.5,
    "86": 86.5,
    "87": 42.0
}