{
    "0": 56.5,
    "1": 73.5,
    "2": 85.0,
    "3": 63.0,
    "4": 87.0,
    "5": 46.5,
    "6": 86.0,
    "7": 73.5,
    "8": 8.0,
    "9": 42.5,
    "10": 48.0,
    "11": 31.0,
    "12": 42.5,
    "13": 66.0,
    "14": 31.0,
    "15": 79.5,
    "16": 42.5,
    "17": 79.5,
    "18": 70.5,
    "19": 3.0,
    "20": 14.0,
    "21": 70.5,
    "22": 24.5,
    "23": 38.0,
    "24": 55.0,
    "25": 31.0,
    "26": 75.5,
    "27": 42.5,
    "28": 75.5,
    "29": 63.0,
    "30": 3.0,
    "31": 11.0,
    "32": 53.5,
    "33": 24.5,
    "34": 38.0,
    "35": 50.5,
    "36": 24.5,
    "37": 70.5,
    "38": 38.0,
    "39": 50.5,
    "40": 63.0,
    "41": 5.0,
    "42": 12.5,
    "43": 46.5,
    "44": 20.0,
    "45": 31.0,
    "46": 59.0,
    "47": 18.0,
    "48": 83.5,
    "49": 36.0,
    "50": 83.5,
    "51": 79.5,
    "52": 0.5,
    "53": 12.5,
    "54": 50.5,
    "55": 16.5,
    "56": 31.0,
    "57": 56.5,
    "58": 19.0,
    "59": 79.5,
    "60": 31.0,
    "61": 68.0,
    "62": 67.0,
    "63": 0.5,
    "64": 9.0,
    "65": 70.5,
    "66": 16.5,
    "67": 31.0,
    "68": 60.0,
    "69": 15.0,
    "70": 79.5,
    "71": 31.0,
    "72": 79.5,
    "73": 63.0,
    "74": 3.0,
    "75": 10.0,
    "76": 58.0,
    "77": 21.5,
    "78": 24.5,
    "79": 50.5,
    "80": 31.0,
    "81": 63.0,
    "82": 21.5,
    "83": 42.5,
    "84": 42.5,
    "85": 7.0,
    "86": 6.0,
    "87": 53.5
}