{
    "0": 41.0,
    "1": 41.0,
    "2": 23.5,
    "3": 41.0,
    "4": 9.5,
    "5": 69.0,
    "6": 9.5,
    "7": 41.0,
    "8": 73.0,
    "9": 62.5,
    "10": 62.5,
    "11": 41.0,
    "12": 41.0,
    "13": 21.5,
    "14": 58.0,
    "15": 26.0,
    "16": 57.0,
    "17": 2.0,
    "18": 12.0,
    "19": 81.0,
    "20": 67.5,
    "21": 23.5,
    "22": 52.5,
    "23": 41.0,
    "24": 31.0,
    "25": 62.5,
    "26": 17.5,
    "27": 56.0,
    "28": 1.0,
    "29": 6.5,
    "30": 82.5,
    "31": 77.0,
    "32": 17.5,
    "33": 62.5,
    "34": 62.5,
    "35": 31.0,
    "36": 73.0,
    "37": 28.5,
    "38": 75.5,
    "39": 0.0,
    "40": 5.0,
    "41": 86.5,
    "42": 84.5,
    "43": 21.5,
    "44": 41.0,
    "45": 41.0,
    "46": 26.0,
    "47": 62.5,
    "48": 17.5,
    "49": 52.5,
    "50": 3.5,
    "51": 6.5,
    "52": 82.5,
    "53": 67.5,
    "54": 13.0,
    "55": 41.0,
    "56": 41.0,
    "57": 26.0,
    "58": 52.5,
    "59": 14.0,
    "60": 52.5,
    "61": 11.0,
    "62": 17.5,
    "63": 79.5,
    "64": 62.5,
    "65": 41.0,
    "66": 41.0,
    "67": 41.0,
    "68": 28.5,
    "69": 62.5,
    "70": 17.5,
    "71": 52.5,
    "72": 3.5,
    "73": 8.0,
    "74": 79.5,
    "75": 71.0,
    "76": 17.5,
    "77": 73.0,
    "78": 70.0,
    "79": 52.5,
    "80": 75.5,
    "81": 41.0,
    "82": 78.0,
    "83": 31.0,
    "84": 41.0,
    "85": 84.5,
    "86": 86.5,
    "87": 41.0
}