{
    "0": 45.5,
    "1": 45.5,
    "2": 83.5,
    "3": 45.5,
    "4": 69.0,
    "5": 24.5,
    "6": 86.5,
    "7": 45.5,
    "8": 2.5,
    "9": 27.5,
    "10": 45.5,
    "11": 36.0,
    "12": 45.5,
    "13": 77.0,
    "14": 29.0,
    "15": 55.5,
    "16": 45.5,
    "17": 79.5,
    "18": 63.5,
    "19": 2.5,
    "20": 10.5,
    "21": 73.0,
    "22": 27.5,
    "23": 45.5,
    "24": 73.0,
    "25": 26.0,
    "26": 59.0,
    "27": 45.5,
    "28": 83.5,
    "29": 63.5,
    "30": 2.5,
    "31": 10.5,
    "32": 63.5,
    "33": 45.5,
    "34": 45.5,
    "35": 67.5,
    "36": 45.5,
    "37": 59.0,
    "38": 45.5,
    "39": 67.5,
    "40": 54.0,
    "41": 6.5,
    "42": 18.5,
    "43": 66.0,
    "44": 21.5,
    "45": 32.5,
    "46": 73.0,
    "47": 10.5,
    "48": 59.0,
    "49": 32.5,
    "50": 85.0,
    "51": 82.0,
    "52": 2.5,
    "53": 15.0,
    "54": 63.5,
    "55": 21.5,
    "56": 32.5,
    "57": 73.0,
    "58": 15.0,
    "59": 55.5,
    "60": 32.5,
    "61": 79.5,
    "62": 73.0,
    "63": 2.5,
    "64": 10.5,
    "65": 79.5,
    "66": 21.5,
    "67": 32.5,
    "68": 73.0,
    "69": 15.0,
    "70": 59.0,
    "71": 32.5,
    "72": 86.5,
    "73": 79.5,
    "74": 6.5,
    "75": 15.0,
    "76": 73.0,
    "77": 24.5,
    "78": 15.0,
    "79": 45.5,
    "80": 18.5,
    "81": 45.5,
    "82": 21.5,
    "83": 45.5,
    "84": 37.0,
    "85": 8.0,
    "86": 2.5,
    "87": 59.0
}