{
    "Binary CTAB-GAN": 55,
    "Binary CTGAN": 58,
    "Binary CWGAN-GP": 84,
    "Binary CopulaGAN": 59,
    "Binary DP-CTGAN": 68,
    "Binary GaussianCopula": 40,
    "Binary MedGAN": 87,
    "Binary PrivBayes": 56,
    "Binary SMOTE": 1,
    "Binary TVAE": 46,
    "Binary TableGAN": 31,
    "CV5GLMM CTAB-GAN": 42,
    "CV5GLMM CTGAN": 43,
    "CV5GLMM CWGAN-GP": 77,
    "CV5GLMM CopulaGAN": 41,
    "CV5GLMM DP-CTGAN": 50,
    "CV5GLMM GaussianCopula": 38,
    "CV5GLMM MedGAN": 75,
    "CV5GLMM PrivBayes": 65,
    "CV5GLMM SMOTE": 2,
    "CV5GLMM TVAE": 12,
    "CV5GLMM TableGAN": 63,
    "CV5Target CTAB-GAN": 23,
    "CV5Target CTGAN": 35,
    "CV5Target CWGAN-GP": 71,
    "CV5Target CopulaGAN": 32,
    "CV5Target DP-CTGAN": 51,
    "CV5Target GaussianCopula": 33,
    "CV5Target MedGAN": 74,
    "CV5Target PrivBayes": 64,
    "CV5Target SMOTE": 3,
    "CV5Target TVAE": 9,
    "CV5Target TableGAN": 67,
    "CatBoost CTAB-GAN": 36,
    "CatBoost CTGAN": 44,
    "CatBoost CWGAN-GP": 78,
    "CatBoost CopulaGAN": 39,
    "CatBoost DP-CTGAN": 49,
    "CatBoost GaussianCopula": 37,
    "CatBoost MedGAN": 73,
    "CatBoost PrivBayes": 53,
    "CatBoost SMOTE": 6,
    "CatBoost TVAE": 11,
    "CatBoost TableGAN": 60,
    "Count CTAB-GAN": 20,
    "Count CTGAN": 24,
    "Count CWGAN-GP": 70,
    "Count CopulaGAN": 14,
    "Count DP-CTGAN": 48,
    "Count GaussianCopula": 34,
    "Count MedGAN": 85,
    "Count PrivBayes": 83,
    "Count SMOTE": 0,
    "Count TVAE": 21,
    "Count TableGAN": 66,
    "GLMM CTAB-GAN": 25,
    "GLMM CTGAN": 17,
    "GLMM CWGAN-GP": 79,
    "GLMM CopulaGAN": 15,
    "GLMM DP-CTGAN": 47,
    "GLMM GaussianCopula": 29,
    "GLMM MedGAN": 82,
    "GLMM PrivBayes": 76,
    "GLMM SMOTE": 4,
    "GLMM TVAE": 10,
    "GLMM TableGAN": 69,
    "Target CTAB-GAN": 18,
    "Target CTGAN": 22,
    "Target CWGAN-GP": 72,
    "Target CopulaGAN": 16,
    "Target DP-CTGAN": 52,
    "Target GaussianCopula": 30,
    "Target MedGAN": 86,
    "Target PrivBayes": 81,
    "Target SMOTE": 5,
    "Target TVAE": 13,
    "Target TableGAN": 80,
    "nan CTAB-GAN": 27,
    "nan CTGAN": 19,
    "nan CWGAN-GP": 61,
    "nan CopulaGAN": 28,
    "nan DP-CTGAN": 54,
    "nan GaussianCopula": 26,
    "nan MedGAN": 57,
    "nan PrivBayes": 45,
    "nan SMOTE": 7,
    "nan TVAE": 8,
    "nan TableGAN": 62
}