{
    "Binary CTAB-GAN": 27,
    "Binary CTGAN": 32,
    "Binary CWGAN-GP": 82,
    "Binary CopulaGAN": 21,
    "Binary DP-CTGAN": 85,
    "Binary GaussianCopula": 7,
    "Binary MedGAN": 83,
    "Binary PrivBayes": 23,
    "Binary SMOTE": 9,
    "Binary TVAE": 12,
    "Binary TableGAN": 15,
    "CV5GLMM CTAB-GAN": 48,
    "CV5GLMM CTGAN": 54,
    "CV5GLMM CWGAN-GP": 74,
    "CV5GLMM CopulaGAN": 39,
    "CV5GLMM DP-CTGAN": 57,
    "CV5GLMM GaussianCopula": 42,
    "CV5GLMM MedGAN": 71,
    "CV5GLMM PrivBayes": 67,
    "CV5GLMM SMOTE": 2,
    "CV5GLMM TVAE": 25,
    "CV5GLMM TableGAN": 66,
    "CV5Target CTAB-GAN": 45,
    "CV5Target CTGAN": 55,
    "CV5Target CWGAN-GP": 75,
    "CV5Target CopulaGAN": 40,
    "CV5Target DP-CTGAN": 56,
    "CV5Target GaussianCopula": 43,
    "CV5Target MedGAN": 64,
    "CV5Target PrivBayes": 70,
    "CV5Target SMOTE": 3,
    "CV5Target TVAE": 26,
    "CV5Target TableGAN": 87,
    "CatBoost CTAB-GAN": 41,
    "CatBoost CTGAN": 53,
    "CatBoost CWGAN-GP": 72,
    "CatBoost CopulaGAN": 47,
    "CatBoost DP-CTGAN": 58,
    "CatBoost GaussianCopula": 46,
    "CatBoost MedGAN": 63,
    "CatBoost PrivBayes": 50,
    "CatBoost SMOTE": 11,
    "CatBoost TVAE": 29,
    "CatBoost TableGAN": 81,
    "Count CTAB-GAN": 19,
    "Count CTGAN": 30,
    "Count CWGAN-GP": 65,
    "Count CopulaGAN": 18,
    "Count DP-CTGAN": 37,
    "Count GaussianCopula": 28,
    "Count MedGAN": 78,
    "Count PrivBayes": 84,
    "Count SMOTE": 10,
    "Count TVAE": 24,
    "Count TableGAN": 51,
    "GLMM CTAB-GAN": 62,
    "GLMM CTGAN": 49,
    "GLMM CWGAN-GP": 68,
    "GLMM CopulaGAN": 33,
    "GLMM DP-CTGAN": 59,
    "GLMM GaussianCopula": 35,
    "GLMM MedGAN": 76,
    "GLMM PrivBayes": 79,
    "GLMM SMOTE": 4,
    "GLMM TVAE": 44,
    "GLMM TableGAN": 77,
    "Target CTAB-GAN": 61,
    "Target CTGAN": 52,
    "Target CWGAN-GP": 69,
    "Target CopulaGAN": 36,
    "Target DP-CTGAN": 60,
    "Target GaussianCopula": 38,
    "Target MedGAN": 73,
    "Target PrivBayes": 80,
    "Target SMOTE": 5,
    "Target TVAE": 31,
    "Target TableGAN": 86,
    "nan CTAB-GAN": 16,
    "nan CTGAN": 8,
    "nan CWGAN-GP": 0,
    "nan CopulaGAN": 14,
    "nan DP-CTGAN": 13,
    "nan GaussianCopula": 22,
    "nan MedGAN": 20,
    "nan PrivBayes": 6,
    "nan SMOTE": 17,
    "nan TVAE": 1,
    "nan TableGAN": 34
}