{
    "Binary CTAB-GAN": 41,
    "Binary CTGAN": 22,
    "Binary CWGAN-GP": 79,
    "Binary CopulaGAN": 25,
    "Binary DP-CTGAN": 62,
    "Binary GaussianCopula": 13,
    "Binary MedGAN": 86,
    "Binary PrivBayes": 11,
    "Binary SMOTE": 0,
    "Binary TVAE": 10,
    "Binary TableGAN": 8,
    "CV5GLMM CTAB-GAN": 53,
    "CV5GLMM CTGAN": 50,
    "CV5GLMM CWGAN-GP": 77,
    "CV5GLMM CopulaGAN": 43,
    "CV5GLMM DP-CTGAN": 56,
    "CV5GLMM GaussianCopula": 46,
    "CV5GLMM MedGAN": 71,
    "CV5GLMM PrivBayes": 67,
    "CV5GLMM SMOTE": 1,
    "CV5GLMM TVAE": 28,
    "CV5GLMM TableGAN": 73,
    "CV5Target CTAB-GAN": 39,
    "CV5Target CTGAN": 42,
    "CV5Target CWGAN-GP": 68,
    "CV5Target CopulaGAN": 37,
    "CV5Target DP-CTGAN": 57,
    "CV5Target GaussianCopula": 45,
    "CV5Target MedGAN": 76,
    "CV5Target PrivBayes": 69,
    "CV5Target SMOTE": 2,
    "CV5Target TVAE": 29,
    "CV5Target TableGAN": 82,
    "CatBoost CTAB-GAN": 47,
    "CatBoost CTGAN": 51,
    "CatBoost CWGAN-GP": 66,
    "CatBoost CopulaGAN": 48,
    "CatBoost DP-CTGAN": 58,
    "CatBoost GaussianCopula": 52,
    "CatBoost MedGAN": 65,
    "CatBoost PrivBayes": 61,
    "CatBoost SMOTE": 5,
    "CatBoost TVAE": 33,
    "CatBoost TableGAN": 74,
    "Count CTAB-GAN": 17,
    "Count CTGAN": 26,
    "Count CWGAN-GP": 64,
    "Count CopulaGAN": 12,
    "Count DP-CTGAN": 40,
    "Count GaussianCopula": 19,
    "Count MedGAN": 85,
    "Count PrivBayes": 78,
    "Count SMOTE": 3,
    "Count TVAE": 14,
    "Count TableGAN": 44,
    "GLMM CTAB-GAN": 36,
    "GLMM CTGAN": 30,
    "GLMM CWGAN-GP": 70,
    "GLMM CopulaGAN": 16,
    "GLMM DP-CTGAN": 59,
    "GLMM GaussianCopula": 35,
    "GLMM MedGAN": 83,
    "GLMM PrivBayes": 80,
    "GLMM SMOTE": 4,
    "GLMM TVAE": 23,
    "GLMM TableGAN": 75,
    "Target CTAB-GAN": 27,
    "Target CTGAN": 32,
    "Target CWGAN-GP": 72,
    "Target CopulaGAN": 20,
    "Target DP-CTGAN": 55,
    "Target GaussianCopula": 34,
    "Target MedGAN": 87,
    "Target PrivBayes": 81,
    "Target SMOTE": 6,
    "Target TVAE": 18,
    "Target TableGAN": 84,
    "nan CTAB-GAN": 24,
    "nan CTGAN": 15,
    "nan CWGAN-GP": 54,
    "nan CopulaGAN": 21,
    "nan DP-CTGAN": 49,
    "nan GaussianCopula": 38,
    "nan MedGAN": 31,
    "nan PrivBayes": 63,
    "nan SMOTE": 7,
    "nan TVAE": 9,
    "nan TableGAN": 60
}