{
    "Binary CTAB-GAN": 39,
    "Binary CTGAN": 56,
    "Binary CopulaGAN": 61,
    "Binary DP-CTGAN": 47,
    "Binary GaussianCopula": 74,
    "Binary MedGAN": 6,
    "Binary PrivBayes": 10,
    "Binary TVAE": 67,
    "Binary TableGAN": 28,
    "Binary WGAN-GP": 21,
    "CV5GLMM CTAB-GAN": 29,
    "CV5GLMM CTGAN": 30,
    "CV5GLMM CopulaGAN": 62,
    "CV5GLMM DP-CTGAN": 13,
    "CV5GLMM GaussianCopula": 72,
    "CV5GLMM MedGAN": 31,
    "CV5GLMM PrivBayes": 32,
    "CV5GLMM TVAE": 33,
    "CV5GLMM TableGAN": 27,
    "CV5GLMM WGAN-GP": 15,
    "CV5Target CTAB-GAN": 40,
    "CV5Target CTGAN": 63,
    "CV5Target CopulaGAN": 57,
    "CV5Target DP-CTGAN": 12,
    "CV5Target GaussianCopula": 73,
    "CV5Target MedGAN": 2,
    "CV5Target PrivBayes": 9,
    "CV5Target TVAE": 68,
    "CV5Target TableGAN": 16,
    "CV5Target WGAN-GP": 19,
    "CatBoost CTAB-GAN": 49,
    "CatBoost CTGAN": 54,
    "CatBoost CopulaGAN": 58,
    "CatBoost DP-CTGAN": 17,
    "CatBoost GaussianCopula": 77,
    "CatBoost MedGAN": 0,
    "CatBoost PrivBayes": 1,
    "CatBoost TVAE": 78,
    "CatBoost TableGAN": 51,
    "CatBoost WGAN-GP": 20,
    "Count CTAB-GAN": 41,
    "Count CTGAN": 65,
    "Count CopulaGAN": 70,
    "Count DP-CTGAN": 50,
    "Count GaussianCopula": 69,
    "Count MedGAN": 3,
    "Count PrivBayes": 7,
    "Count TVAE": 76,
    "Count TableGAN": 48,
    "Count WGAN-GP": 18,
    "GLMM CTAB-GAN": 34,
    "GLMM CTGAN": 35,
    "GLMM CopulaGAN": 59,
    "GLMM DP-CTGAN": 42,
    "GLMM GaussianCopula": 66,
    "GLMM MedGAN": 36,
    "GLMM PrivBayes": 37,
    "GLMM TVAE": 38,
    "GLMM TableGAN": 11,
    "GLMM WGAN-GP": 25,
    "Target CTAB-GAN": 43,
    "Target CTGAN": 55,
    "Target CopulaGAN": 64,
    "Target DP-CTGAN": 46,
    "Target GaussianCopula": 60,
    "Target MedGAN": 5,
    "Target PrivBayes": 44,
    "Target TVAE": 71,
    "Target TableGAN": 26,
    "Target WGAN-GP": 23,
    "nan CTAB-GAN": 53,
    "nan CTGAN": 45,
    "nan CopulaGAN": 52,
    "nan DP-CTGAN": 14,
    "nan GaussianCopula": 75,
    "nan MedGAN": 4,
    "nan PrivBayes": 8,
    "nan TVAE": 79,
    "nan TableGAN": 24,
    "nan WGAN-GP": 22
}