{
    "Binary CTAB-GAN": 78,
    "Binary CTGAN": 70,
    "Binary CopulaGAN": 71,
    "Binary DP-CTGAN": 16,
    "Binary GaussianCopula": 74,
    "Binary MedGAN": 20,
    "Binary PrivBayes": 21,
    "Binary TVAE": 66,
    "Binary TableGAN": 30,
    "Binary WGAN-GP": 44,
    "CV5GLMM CTAB-GAN": 3,
    "CV5GLMM CTGAN": 2,
    "CV5GLMM CopulaGAN": 54,
    "CV5GLMM DP-CTGAN": 25,
    "CV5GLMM GaussianCopula": 64,
    "CV5GLMM MedGAN": 0,
    "CV5GLMM PrivBayes": 1,
    "CV5GLMM TVAE": 4,
    "CV5GLMM TableGAN": 24,
    "CV5GLMM WGAN-GP": 32,
    "CV5Target CTAB-GAN": 49,
    "CV5Target CTGAN": 29,
    "CV5Target CopulaGAN": 55,
    "CV5Target DP-CTGAN": 26,
    "CV5Target GaussianCopula": 51,
    "CV5Target MedGAN": 8,
    "CV5Target PrivBayes": 9,
    "CV5Target TVAE": 48,
    "CV5Target TableGAN": 22,
    "CV5Target WGAN-GP": 35,
    "CatBoost CTAB-GAN": 69,
    "CatBoost CTGAN": 52,
    "CatBoost CopulaGAN": 59,
    "CatBoost DP-CTGAN": 31,
    "CatBoost GaussianCopula": 61,
    "CatBoost MedGAN": 5,
    "CatBoost PrivBayes": 6,
    "CatBoost TVAE": 72,
    "CatBoost TableGAN": 23,
    "CatBoost WGAN-GP": 33,
    "Count CTAB-GAN": 79,
    "Count CTGAN": 67,
    "Count CopulaGAN": 62,
    "Count DP-CTGAN": 18,
    "Count GaussianCopula": 75,
    "Count MedGAN": 10,
    "Count PrivBayes": 11,
    "Count TVAE": 76,
    "Count TableGAN": 14,
    "Count WGAN-GP": 45,
    "GLMM CTAB-GAN": 40,
    "GLMM CTGAN": 41,
    "GLMM CopulaGAN": 63,
    "GLMM DP-CTGAN": 12,
    "GLMM GaussianCopula": 68,
    "GLMM MedGAN": 37,
    "GLMM PrivBayes": 38,
    "GLMM TVAE": 42,
    "GLMM TableGAN": 34,
    "GLMM WGAN-GP": 46,
    "Target CTAB-GAN": 53,
    "Target CTGAN": 27,
    "Target CopulaGAN": 56,
    "Target DP-CTGAN": 15,
    "Target GaussianCopula": 60,
    "Target MedGAN": 13,
    "Target PrivBayes": 7,
    "Target TVAE": 50,
    "Target TableGAN": 43,
    "Target WGAN-GP": 47,
    "nan CTAB-GAN": 73,
    "nan CTGAN": 57,
    "nan CopulaGAN": 58,
    "nan DP-CTGAN": 28,
    "nan GaussianCopula": 65,
    "nan MedGAN": 17,
    "nan PrivBayes": 19,
    "nan TVAE": 77,
    "nan TableGAN": 36,
    "nan WGAN-GP": 39
}