{
    "Binary CTAB-GAN": 36,
    "Binary CTGAN": 40,
    "Binary CopulaGAN": 39,
    "Binary DP-CTGAN": 17,
    "Binary GaussianCopula": 56,
    "Binary MedGAN": 6,
    "Binary PrivBayes": 15,
    "Binary TVAE": 68,
    "Binary TableGAN": 49,
    "Binary WGAN-GP": 28,
    "CV5GLMM CTAB-GAN": 43,
    "CV5GLMM CTGAN": 59,
    "CV5GLMM CopulaGAN": 65,
    "CV5GLMM DP-CTGAN": 24,
    "CV5GLMM GaussianCopula": 64,
    "CV5GLMM MedGAN": 3,
    "CV5GLMM PrivBayes": 12,
    "CV5GLMM TVAE": 74,
    "CV5GLMM TableGAN": 34,
    "CV5GLMM WGAN-GP": 33,
    "CV5Target CTAB-GAN": 44,
    "CV5Target CTGAN": 60,
    "CV5Target CopulaGAN": 61,
    "CV5Target DP-CTGAN": 23,
    "CV5Target GaussianCopula": 66,
    "CV5Target MedGAN": 2,
    "CV5Target PrivBayes": 10,
    "CV5Target TVAE": 71,
    "CV5Target TableGAN": 19,
    "CV5Target WGAN-GP": 35,
    "CatBoost CTAB-GAN": 45,
    "CatBoost CTGAN": 77,
    "CatBoost CopulaGAN": 69,
    "CatBoost DP-CTGAN": 26,
    "CatBoost GaussianCopula": 62,
    "CatBoost MedGAN": 4,
    "CatBoost PrivBayes": 13,
    "CatBoost TVAE": 78,
    "CatBoost TableGAN": 27,
    "CatBoost WGAN-GP": 37,
    "Count CTAB-GAN": 42,
    "Count CTGAN": 48,
    "Count CopulaGAN": 50,
    "Count DP-CTGAN": 20,
    "Count GaussianCopula": 58,
    "Count MedGAN": 7,
    "Count PrivBayes": 11,
    "Count TVAE": 73,
    "Count TableGAN": 18,
    "Count WGAN-GP": 30,
    "GLMM CTAB-GAN": 46,
    "GLMM CTGAN": 55,
    "GLMM CopulaGAN": 52,
    "GLMM DP-CTGAN": 21,
    "GLMM GaussianCopula": 57,
    "GLMM MedGAN": 1,
    "GLMM PrivBayes": 14,
    "GLMM TVAE": 72,
    "GLMM TableGAN": 29,
    "GLMM WGAN-GP": 32,
    "Target CTAB-GAN": 47,
    "Target CTGAN": 53,
    "Target CopulaGAN": 70,
    "Target DP-CTGAN": 22,
    "Target GaussianCopula": 54,
    "Target MedGAN": 5,
    "Target PrivBayes": 9,
    "Target TVAE": 75,
    "Target TableGAN": 16,
    "Target WGAN-GP": 31,
    "nan CTAB-GAN": 51,
    "nan CTGAN": 67,
    "nan CopulaGAN": 76,
    "nan DP-CTGAN": 25,
    "nan GaussianCopula": 63,
    "nan MedGAN": 0,
    "nan PrivBayes": 8,
    "nan TVAE": 79,
    "nan TableGAN": 41,
    "nan WGAN-GP": 38
}