{
    "Binary CTAB-GAN": 35,
    "Binary CTGAN": 34,
    "Binary CWGAN-GP": 39,
    "Binary CopulaGAN": 33,
    "Binary DP-CTGAN": 37,
    "Binary GaussianCopula": 20,
    "Binary MedGAN": 40,
    "Binary PrivBayes": 36,
    "Binary SMOTE": 0,
    "Binary TVAE": 10,
    "Binary TableGAN": 30,
    "CV5GLMM CTAB-GAN": 61,
    "CV5GLMM CTGAN": 71,
    "CV5GLMM CWGAN-GP": 64,
    "CV5GLMM CopulaGAN": 75,
    "CV5GLMM DP-CTGAN": 85,
    "CV5GLMM GaussianCopula": 59,
    "CV5GLMM MedGAN": 66,
    "CV5GLMM PrivBayes": 83,
    "CV5GLMM SMOTE": 5,
    "CV5GLMM TVAE": 52,
    "CV5GLMM TableGAN": 63,
    "CV5Target CTAB-GAN": 60,
    "CV5Target CTGAN": 67,
    "CV5Target CWGAN-GP": 58,
    "CV5Target CopulaGAN": 73,
    "CV5Target DP-CTGAN": 84,
    "CV5Target GaussianCopula": 65,
    "CV5Target MedGAN": 68,
    "CV5Target PrivBayes": 82,
    "CV5Target SMOTE": 6,
    "CV5Target TVAE": 50,
    "CV5Target TableGAN": 72,
    "CatBoost CTAB-GAN": 47,
    "CatBoost CTGAN": 56,
    "CatBoost CWGAN-GP": 57,
    "CatBoost CopulaGAN": 55,
    "CatBoost DP-CTGAN": 69,
    "CatBoost GaussianCopula": 54,
    "CatBoost MedGAN": 51,
    "CatBoost PrivBayes": 80,
    "CatBoost SMOTE": 7,
    "CatBoost TVAE": 38,
    "CatBoost TableGAN": 42,
    "Count CTAB-GAN": 13,
    "Count CTGAN": 16,
    "Count CWGAN-GP": 24,
    "Count CopulaGAN": 15,
    "Count DP-CTGAN": 27,
    "Count GaussianCopula": 14,
    "Count MedGAN": 31,
    "Count PrivBayes": 32,
    "Count SMOTE": 1,
    "Count TVAE": 8,
    "Count TableGAN": 26,
    "GLMM CTAB-GAN": 43,
    "GLMM CTGAN": 48,
    "GLMM CWGAN-GP": 70,
    "GLMM CopulaGAN": 49,
    "GLMM DP-CTGAN": 86,
    "GLMM GaussianCopula": 41,
    "GLMM MedGAN": 79,
    "GLMM PrivBayes": 81,
    "GLMM SMOTE": 3,
    "GLMM TVAE": 21,
    "GLMM TableGAN": 78,
    "Target CTAB-GAN": 44,
    "Target CTGAN": 53,
    "Target CWGAN-GP": 62,
    "Target CopulaGAN": 45,
    "Target DP-CTGAN": 87,
    "Target GaussianCopula": 46,
    "Target MedGAN": 77,
    "Target PrivBayes": 76,
    "Target SMOTE": 4,
    "Target TVAE": 22,
    "Target TableGAN": 74,
    "nan CTAB-GAN": 12,
    "nan CTGAN": 18,
    "nan CWGAN-GP": 17,
    "nan CopulaGAN": 19,
    "nan DP-CTGAN": 23,
    "nan GaussianCopula": 11,
    "nan MedGAN": 25,
    "nan PrivBayes": 28,
    "nan SMOTE": 2,
    "nan TVAE": 9,
    "nan TableGAN": 29
}