{
    "Binary CTAB-GAN": 40,
    "Binary CTGAN": 30,
    "Binary CWGAN-GP": 79,
    "Binary CopulaGAN": 31,
    "Binary DP-CTGAN": 87,
    "Binary GaussianCopula": 21,
    "Binary MedGAN": 86,
    "Binary PrivBayes": 32,
    "Binary SMOTE": 0,
    "Binary TVAE": 15,
    "Binary TableGAN": 9,
    "CV5GLMM CTAB-GAN": 57,
    "CV5GLMM CTGAN": 55,
    "CV5GLMM CWGAN-GP": 66,
    "CV5GLMM CopulaGAN": 51,
    "CV5GLMM DP-CTGAN": 85,
    "CV5GLMM GaussianCopula": 59,
    "CV5GLMM MedGAN": 69,
    "CV5GLMM PrivBayes": 70,
    "CV5GLMM SMOTE": 6,
    "CV5GLMM TVAE": 36,
    "CV5GLMM TableGAN": 71,
    "CV5Target CTAB-GAN": 38,
    "CV5Target CTGAN": 45,
    "CV5Target CWGAN-GP": 61,
    "CV5Target CopulaGAN": 41,
    "CV5Target DP-CTGAN": 72,
    "CV5Target GaussianCopula": 52,
    "CV5Target MedGAN": 73,
    "CV5Target PrivBayes": 65,
    "CV5Target SMOTE": 7,
    "CV5Target TVAE": 29,
    "CV5Target TableGAN": 84,
    "CatBoost CTAB-GAN": 46,
    "CatBoost CTGAN": 48,
    "CatBoost CWGAN-GP": 60,
    "CatBoost CopulaGAN": 47,
    "CatBoost DP-CTGAN": 68,
    "CatBoost GaussianCopula": 58,
    "CatBoost MedGAN": 62,
    "CatBoost PrivBayes": 82,
    "CatBoost SMOTE": 8,
    "CatBoost TVAE": 34,
    "CatBoost TableGAN": 67,
    "Count CTAB-GAN": 16,
    "Count CTGAN": 17,
    "Count CWGAN-GP": 42,
    "Count CopulaGAN": 11,
    "Count DP-CTGAN": 44,
    "Count GaussianCopula": 18,
    "Count MedGAN": 56,
    "Count PrivBayes": 53,
    "Count SMOTE": 1,
    "Count TVAE": 12,
    "Count TableGAN": 35,
    "GLMM CTAB-GAN": 33,
    "GLMM CTGAN": 26,
    "GLMM CWGAN-GP": 64,
    "GLMM CopulaGAN": 24,
    "GLMM DP-CTGAN": 80,
    "GLMM GaussianCopula": 39,
    "GLMM MedGAN": 81,
    "GLMM PrivBayes": 74,
    "GLMM SMOTE": 2,
    "GLMM TVAE": 22,
    "GLMM TableGAN": 75,
    "Target CTAB-GAN": 28,
    "Target CTGAN": 27,
    "Target CWGAN-GP": 63,
    "Target CopulaGAN": 23,
    "Target DP-CTGAN": 76,
    "Target GaussianCopula": 37,
    "Target MedGAN": 83,
    "Target PrivBayes": 77,
    "Target SMOTE": 5,
    "Target TVAE": 25,
    "Target TableGAN": 78,
    "nan CTAB-GAN": 10,
    "nan CTGAN": 13,
    "nan CWGAN-GP": 50,
    "nan CopulaGAN": 14,
    "nan DP-CTGAN": 49,
    "nan GaussianCopula": 19,
    "nan MedGAN": 20,
    "nan PrivBayes": 54,
    "nan SMOTE": 4,
    "nan TVAE": 3,
    "nan TableGAN": 43
}