{
    "Binary CTAB-GAN LGBMRegressor": 78,
    "Binary CTAB-GAN nan": 51,
    "Binary CTGAN LGBMRegressor": 82,
    "Binary CTGAN nan": 9,
    "Binary CopulaGAN LGBMRegressor": 89,
    "Binary CopulaGAN nan": 18,
    "Binary DP-CTGAN LGBMRegressor": 57,
    "Binary DP-CTGAN nan": 68,
    "Binary GaussianCopula LGBMRegressor": 159,
    "Binary GaussianCopula nan": 91,
    "Binary MedGAN LGBMRegressor": 149,
    "Binary MedGAN nan": 119,
    "Binary PrivBayes LGBMRegressor": 124,
    "Binary PrivBayes nan": 3,
    "Binary TVAE LGBMRegressor": 120,
    "Binary TVAE nan": 59,
    "Binary TableGAN LGBMRegressor": 69,
    "Binary TableGAN nan": 21,
    "Binary WGAN-GP LGBMRegressor": 98,
    "Binary WGAN-GP nan": 53,
    "Binary nan LGBMRegressor": 171,
    "Binary nan nan": 156,
    "CV5GLMM CTAB-GAN LGBMRegressor": 109,
    "CV5GLMM CTAB-GAN nan": 41,
    "CV5GLMM CTGAN LGBMRegressor": 102,
    "CV5GLMM CTGAN nan": 5,
    "CV5GLMM CopulaGAN LGBMRegressor": 99,
    "CV5GLMM CopulaGAN nan": 16,
    "CV5GLMM DP-CTGAN LGBMRegressor": 54,
    "CV5GLMM DP-CTGAN nan": 28,
    "CV5GLMM GaussianCopula LGBMRegressor": 139,
    "CV5GLMM GaussianCopula nan": 110,
    "CV5GLMM MedGAN LGBMRegressor": 105,
    "CV5GLMM MedGAN nan": 74,
    "CV5GLMM PrivBayes LGBMRegressor": 48,
    "CV5GLMM PrivBayes nan": 47,
    "CV5GLMM TVAE LGBMRegressor": 134,
    "CV5GLMM TVAE nan": 100,
    "CV5GLMM TableGAN LGBMRegressor": 76,
    "CV5GLMM TableGAN nan": 77,
    "CV5GLMM WGAN-GP LGBMRegressor": 64,
    "CV5GLMM WGAN-GP nan": 65,
    "CV5GLMM nan LGBMRegressor": 158,
    "CV5GLMM nan nan": 116,
    "CV5Target CTAB-GAN LGBMRegressor": 93,
    "CV5Target CTAB-GAN nan": 25,
    "CV5Target CTGAN LGBMRegressor": 84,
    "CV5Target CTGAN nan": 14,
    "CV5Target CopulaGAN LGBMRegressor": 129,
    "CV5Target CopulaGAN nan": 42,
    "CV5Target DP-CTGAN LGBMRegressor": 61,
    "CV5Target DP-CTGAN nan": 6,
    "CV5Target GaussianCopula LGBMRegressor": 155,
    "CV5Target GaussianCopula nan": 121,
    "CV5Target MedGAN LGBMRegressor": 86,
    "CV5Target MedGAN nan": 62,
    "CV5Target PrivBayes LGBMRegressor": 60,
    "CV5Target PrivBayes nan": 85,
    "CV5Target TVAE LGBMRegressor": 144,
    "CV5Target TVAE nan": 58,
    "CV5Target TableGAN LGBMRegressor": 94,
    "CV5Target TableGAN nan": 95,
    "CV5Target WGAN-GP LGBMRegressor": 96,
    "CV5Target WGAN-GP nan": 63,
    "CV5Target nan LGBMRegressor": 170,
    "CV5Target nan nan": 106,
    "CatBoost CTAB-GAN LGBMRegressor": 34,
    "CatBoost CTAB-GAN nan": 11,
    "CatBoost CTGAN LGBMRegressor": 36,
    "CatBoost CTGAN nan": 1,
    "CatBoost CopulaGAN LGBMRegressor": 39,
    "CatBoost CopulaGAN nan": 20,
    "CatBoost DP-CTGAN LGBMRegressor": 17,
    "CatBoost DP-CTGAN nan": 0,
    "CatBoost GaussianCopula LGBMRegressor": 45,
    "CatBoost GaussianCopula nan": 38,
    "CatBoost MedGAN LGBMRegressor": 37,
    "CatBoost MedGAN nan": 22,
    "CatBoost PrivBayes LGBMRegressor": 13,
    "CatBoost PrivBayes nan": 23,
    "CatBoost TVAE LGBMRegressor": 44,
    "CatBoost TVAE nan": 43,
    "CatBoost TableGAN LGBMRegressor": 26,
    "CatBoost TableGAN nan": 24,
    "CatBoost WGAN-GP LGBMRegressor": 31,
    "CatBoost WGAN-GP nan": 32,
    "CatBoost nan LGBMRegressor": 163,
    "CatBoost nan nan": 49,
    "Count CTAB-GAN LGBMRegressor": 157,
    "Count CTAB-GAN nan": 50,
    "Count CTGAN LGBMRegressor": 150,
    "Count CTGAN nan": 15,
    "Count CopulaGAN LGBMRegressor": 162,
    "Count CopulaGAN nan": 52,
    "Count DP-CTGAN LGBMRegressor": 101,
    "Count DP-CTGAN nan": 46,
    "Count GaussianCopula LGBMRegressor": 169,
    "Count GaussianCopula nan": 111,
    "Count MedGAN LGBMRegressor": 151,
    "Count MedGAN nan": 140,
    "Count PrivBayes LGBMRegressor": 72,
    "Count PrivBayes nan": 130,
    "Count TVAE LGBMRegressor": 168,
    "Count TVAE nan": 114,
    "Count TableGAN LGBMRegressor": 135,
    "Count TableGAN nan": 142,
    "Count WGAN-GP LGBMRegressor": 145,
    "Count WGAN-GP nan": 87,
    "Count nan LGBMRegressor": 172,
    "Count nan nan": 153,
    "GLMM CTAB-GAN LGBMRegressor": 161,
    "GLMM CTAB-GAN nan": 30,
    "GLMM CTGAN LGBMRegressor": 138,
    "GLMM CTGAN nan": 29,
    "GLMM CopulaGAN LGBMRegressor": 152,
    "GLMM CopulaGAN nan": 40,
    "GLMM DP-CTGAN LGBMRegressor": 70,
    "GLMM DP-CTGAN nan": 8,
    "GLMM GaussianCopula LGBMRegressor": 167,
    "GLMM GaussianCopula nan": 112,
    "GLMM MedGAN LGBMRegressor": 146,
    "GLMM MedGAN nan": 103,
    "GLMM PrivBayes LGBMRegressor": 79,
    "GLMM PrivBayes nan": 131,
    "GLMM TVAE LGBMRegressor": 164,
    "GLMM TVAE nan": 122,
    "GLMM TableGAN LGBMRegressor": 107,
    "GLMM TableGAN nan": 88,
    "GLMM WGAN-GP LGBMRegressor": 143,
    "GLMM WGAN-GP nan": 80,
    "GLMM nan LGBMRegressor": 174,
    "GLMM nan nan": 147,
    "Target CTAB-GAN LGBMRegressor": 133,
    "Target CTAB-GAN nan": 27,
    "Target CTGAN LGBMRegressor": 118,
    "Target CTGAN nan": 19,
    "Target CopulaGAN LGBMRegressor": 136,
    "Target CopulaGAN nan": 33,
    "Target DP-CTGAN LGBMRegressor": 104,
    "Target DP-CTGAN nan": 12,
    "Target GaussianCopula LGBMRegressor": 166,
    "Target GaussianCopula nan": 148,
    "Target MedGAN LGBMRegressor": 141,
    "Target MedGAN nan": 97,
    "Target PrivBayes LGBMRegressor": 66,
    "Target PrivBayes nan": 113,
    "Target TVAE LGBMRegressor": 165,
    "Target TVAE nan": 126,
    "Target TableGAN LGBMRegressor": 127,
    "Target TableGAN nan": 92,
    "Target WGAN-GP LGBMRegressor": 125,
    "Target WGAN-GP nan": 56,
    "Target nan LGBMRegressor": 175,
    "Target nan nan": 137,
    "nan CTAB-GAN LGBMRegressor": 81,
    "nan CTAB-GAN nan": 55,
    "nan CTGAN LGBMRegressor": 115,
    "nan CTGAN nan": 7,
    "nan CopulaGAN LGBMRegressor": 123,
    "nan CopulaGAN nan": 35,
    "nan DP-CTGAN LGBMRegressor": 73,
    "nan DP-CTGAN nan": 4,
    "nan GaussianCopula LGBMRegressor": 108,
    "nan GaussianCopula nan": 75,
    "nan MedGAN LGBMRegressor": 83,
    "nan MedGAN nan": 128,
    "nan PrivBayes LGBMRegressor": 90,
    "nan PrivBayes nan": 2,
    "nan TVAE LGBMRegressor": 160,
    "nan TVAE nan": 117,
    "nan TableGAN LGBMRegressor": 67,
    "nan TableGAN nan": 10,
    "nan WGAN-GP LGBMRegressor": 132,
    "nan WGAN-GP nan": 71,
    "nan nan LGBMRegressor": 173,
    "nan nan nan": 154
}