{
    "Binary CTAB-GAN LGBMRegressor": 34,
    "Binary CTAB-GAN nan": 167,
    "Binary CTGAN LGBMRegressor": 39,
    "Binary CTGAN nan": 173,
    "Binary CopulaGAN LGBMRegressor": 26,
    "Binary CopulaGAN nan": 109,
    "Binary DP-CTGAN LGBMRegressor": 99,
    "Binary DP-CTGAN nan": 159,
    "Binary GaussianCopula LGBMRegressor": 46,
    "Binary GaussianCopula nan": 175,
    "Binary MedGAN LGBMRegressor": 110,
    "Binary MedGAN nan": 91,
    "Binary PrivBayes LGBMRegressor": 75,
    "Binary PrivBayes nan": 1,
    "Binary TVAE LGBMRegressor": 31,
    "Binary TVAE nan": 141,
    "Binary TableGAN LGBMRegressor": 88,
    "Binary TableGAN nan": 150,
    "Binary WGAN-GP LGBMRegressor": 131,
    "Binary WGAN-GP nan": 111,
    "Binary nan LGBMRegressor": 18,
    "Binary nan nan": 73,
    "CV5GLMM CTAB-GAN LGBMRegressor": 27,
    "CV5GLMM CTAB-GAN nan": 142,
    "CV5GLMM CTGAN LGBMRegressor": 12,
    "CV5GLMM CTGAN nan": 145,
    "CV5GLMM CopulaGAN LGBMRegressor": 19,
    "CV5GLMM CopulaGAN nan": 81,
    "CV5GLMM DP-CTGAN LGBMRegressor": 112,
    "CV5GLMM DP-CTGAN nan": 146,
    "CV5GLMM GaussianCopula LGBMRegressor": 35,
    "CV5GLMM GaussianCopula nan": 174,
    "CV5GLMM MedGAN LGBMRegressor": 151,
    "CV5GLMM MedGAN nan": 161,
    "CV5GLMM PrivBayes LGBMRegressor": 37,
    "CV5GLMM PrivBayes nan": 92,
    "CV5GLMM TVAE LGBMRegressor": 40,
    "CV5GLMM TVAE nan": 170,
    "CV5GLMM TableGAN LGBMRegressor": 13,
    "CV5GLMM TableGAN nan": 100,
    "CV5GLMM WGAN-GP LGBMRegressor": 93,
    "CV5GLMM WGAN-GP nan": 113,
    "CV5GLMM nan LGBMRegressor": 14,
    "CV5GLMM nan nan": 65,
    "CV5Target CTAB-GAN LGBMRegressor": 28,
    "CV5Target CTAB-GAN nan": 124,
    "CV5Target CTGAN LGBMRegressor": 57,
    "CV5Target CTGAN nan": 171,
    "CV5Target CopulaGAN LGBMRegressor": 82,
    "CV5Target CopulaGAN nan": 84,
    "CV5Target DP-CTGAN LGBMRegressor": 125,
    "CV5Target DP-CTGAN nan": 155,
    "CV5Target GaussianCopula LGBMRegressor": 36,
    "CV5Target GaussianCopula nan": 135,
    "CV5Target MedGAN LGBMRegressor": 86,
    "CV5Target MedGAN nan": 94,
    "CV5Target PrivBayes LGBMRegressor": 136,
    "CV5Target PrivBayes nan": 158,
    "CV5Target TVAE LGBMRegressor": 41,
    "CV5Target TVAE nan": 148,
    "CV5Target TableGAN LGBMRegressor": 47,
    "CV5Target TableGAN nan": 114,
    "CV5Target WGAN-GP LGBMRegressor": 162,
    "CV5Target WGAN-GP nan": 6,
    "CV5Target nan LGBMRegressor": 32,
    "CV5Target nan nan": 79,
    "CatBoost CTAB-GAN LGBMRegressor": 10,
    "CatBoost CTAB-GAN nan": 115,
    "CatBoost CTGAN LGBMRegressor": 2,
    "CatBoost CTGAN nan": 137,
    "CatBoost CopulaGAN LGBMRegressor": 42,
    "CatBoost CopulaGAN nan": 116,
    "CatBoost DP-CTGAN LGBMRegressor": 69,
    "CatBoost DP-CTGAN nan": 132,
    "CatBoost GaussianCopula LGBMRegressor": 29,
    "CatBoost GaussianCopula nan": 138,
    "CatBoost MedGAN LGBMRegressor": 43,
    "CatBoost MedGAN nan": 101,
    "CatBoost PrivBayes LGBMRegressor": 58,
    "CatBoost PrivBayes nan": 95,
    "CatBoost TVAE LGBMRegressor": 80,
    "CatBoost TVAE nan": 140,
    "CatBoost TableGAN LGBMRegressor": 15,
    "CatBoost TableGAN nan": 117,
    "CatBoost WGAN-GP LGBMRegressor": 133,
    "CatBoost WGAN-GP nan": 128,
    "CatBoost nan LGBMRegressor": 11,
    "CatBoost nan nan": 118,
    "Count CTAB-GAN LGBMRegressor": 66,
    "Count CTAB-GAN nan": 126,
    "Count CTGAN LGBMRegressor": 62,
    "Count CTGAN nan": 172,
    "Count CopulaGAN LGBMRegressor": 53,
    "Count CopulaGAN nan": 8,
    "Count DP-CTGAN LGBMRegressor": 72,
    "Count DP-CTGAN nan": 153,
    "Count GaussianCopula LGBMRegressor": 16,
    "Count GaussianCopula nan": 152,
    "Count MedGAN LGBMRegressor": 89,
    "Count MedGAN nan": 96,
    "Count PrivBayes LGBMRegressor": 119,
    "Count PrivBayes nan": 97,
    "Count TVAE LGBMRegressor": 48,
    "Count TVAE nan": 163,
    "Count TableGAN LGBMRegressor": 20,
    "Count TableGAN nan": 120,
    "Count WGAN-GP LGBMRegressor": 87,
    "Count WGAN-GP nan": 127,
    "Count nan LGBMRegressor": 21,
    "Count nan nan": 49,
    "GLMM CTAB-GAN LGBMRegressor": 9,
    "GLMM CTAB-GAN nan": 157,
    "GLMM CTGAN LGBMRegressor": 63,
    "GLMM CTGAN nan": 160,
    "GLMM CopulaGAN LGBMRegressor": 54,
    "GLMM CopulaGAN nan": 121,
    "GLMM DP-CTGAN LGBMRegressor": 55,
    "GLMM DP-CTGAN nan": 168,
    "GLMM GaussianCopula LGBMRegressor": 50,
    "GLMM GaussianCopula nan": 164,
    "GLMM MedGAN LGBMRegressor": 129,
    "GLMM MedGAN nan": 102,
    "GLMM PrivBayes LGBMRegressor": 76,
    "GLMM PrivBayes nan": 0,
    "GLMM TVAE LGBMRegressor": 77,
    "GLMM TVAE nan": 154,
    "GLMM TableGAN LGBMRegressor": 3,
    "GLMM TableGAN nan": 122,
    "GLMM WGAN-GP LGBMRegressor": 44,
    "GLMM WGAN-GP nan": 7,
    "GLMM nan LGBMRegressor": 22,
    "GLMM nan nan": 33,
    "Target CTAB-GAN LGBMRegressor": 23,
    "Target CTAB-GAN nan": 143,
    "Target CTGAN LGBMRegressor": 38,
    "Target CTGAN nan": 169,
    "Target CopulaGAN LGBMRegressor": 67,
    "Target CopulaGAN nan": 103,
    "Target DP-CTGAN LGBMRegressor": 78,
    "Target DP-CTGAN nan": 166,
    "Target GaussianCopula LGBMRegressor": 51,
    "Target GaussianCopula nan": 165,
    "Target MedGAN LGBMRegressor": 123,
    "Target MedGAN nan": 104,
    "Target PrivBayes LGBMRegressor": 71,
    "Target PrivBayes nan": 144,
    "Target TVAE LGBMRegressor": 59,
    "Target TVAE nan": 147,
    "Target TableGAN LGBMRegressor": 30,
    "Target TableGAN nan": 105,
    "Target WGAN-GP LGBMRegressor": 45,
    "Target WGAN-GP nan": 5,
    "Target nan LGBMRegressor": 24,
    "Target nan nan": 52,
    "nan CTAB-GAN LGBMRegressor": 56,
    "nan CTAB-GAN nan": 83,
    "nan CTGAN LGBMRegressor": 74,
    "nan CTGAN nan": 85,
    "nan CopulaGAN LGBMRegressor": 60,
    "nan CopulaGAN nan": 70,
    "nan DP-CTGAN LGBMRegressor": 64,
    "nan DP-CTGAN nan": 130,
    "nan GaussianCopula LGBMRegressor": 17,
    "nan GaussianCopula nan": 139,
    "nan MedGAN LGBMRegressor": 90,
    "nan MedGAN nan": 156,
    "nan PrivBayes LGBMRegressor": 134,
    "nan PrivBayes nan": 106,
    "nan TVAE LGBMRegressor": 61,
    "nan TVAE nan": 149,
    "nan TableGAN LGBMRegressor": 4,
    "nan TableGAN nan": 98,
    "nan WGAN-GP LGBMRegressor": 107,
    "nan WGAN-GP nan": 108,
    "nan nan LGBMRegressor": 25,
    "nan nan nan": 68
}