{
    "Binary CTAB-GAN": 35,
    "Binary CTGAN": 60,
    "Binary CWGAN-GP": 17,
    "Binary CopulaGAN": 62,
    "Binary DP-CTGAN": 16,
    "Binary GaussianCopula": 63,
    "Binary MedGAN": 19,
    "Binary PrivBayes": 72,
    "Binary SMOTE": 51,
    "Binary TVAE": 45,
    "Binary TableGAN": 73,
    "CV5GLMM CTAB-GAN": 46,
    "CV5GLMM CTGAN": 53,
    "CV5GLMM CWGAN-GP": 24,
    "CV5GLMM CopulaGAN": 49,
    "CV5GLMM DP-CTGAN": 30,
    "CV5GLMM GaussianCopula": 54,
    "CV5GLMM MedGAN": 4,
    "CV5GLMM PrivBayes": 14,
    "CV5GLMM SMOTE": 69,
    "CV5GLMM TVAE": 61,
    "CV5GLMM TableGAN": 15,
    "CV5Target CTAB-GAN": 50,
    "CV5Target CTGAN": 52,
    "CV5Target CWGAN-GP": 25,
    "CV5Target CopulaGAN": 55,
    "CV5Target DP-CTGAN": 28,
    "CV5Target GaussianCopula": 58,
    "CV5Target MedGAN": 2,
    "CV5Target PrivBayes": 12,
    "CV5Target SMOTE": 68,
    "CV5Target TVAE": 59,
    "CV5Target TableGAN": 13,
    "CatBoost CTAB-GAN": 67,
    "CatBoost CTGAN": 71,
    "CatBoost CWGAN-GP": 29,
    "CatBoost CopulaGAN": 70,
    "CatBoost DP-CTGAN": 36,
    "CatBoost GaussianCopula": 74,
    "CatBoost MedGAN": 0,
    "CatBoost PrivBayes": 1,
    "CatBoost SMOTE": 75,
    "CatBoost TVAE": 76,
    "CatBoost TableGAN": 6,
    "Count CTAB-GAN": 57,
    "Count CTGAN": 39,
    "Count CWGAN-GP": 18,
    "Count CopulaGAN": 48,
    "Count DP-CTGAN": 43,
    "Count GaussianCopula": 38,
    "Count MedGAN": 7,
    "Count PrivBayes": 3,
    "Count SMOTE": 64,
    "Count TVAE": 56,
    "Count TableGAN": 8,
    "GLMM CTAB-GAN": 41,
    "GLMM CTGAN": 34,
    "GLMM CWGAN-GP": 20,
    "GLMM CopulaGAN": 37,
    "GLMM DP-CTGAN": 26,
    "GLMM GaussianCopula": 32,
    "GLMM MedGAN": 9,
    "GLMM PrivBayes": 23,
    "GLMM SMOTE": 66,
    "GLMM TVAE": 47,
    "GLMM TableGAN": 21,
    "Target CTAB-GAN": 44,
    "Target CTGAN": 33,
    "Target CWGAN-GP": 22,
    "Target CopulaGAN": 40,
    "Target DP-CTGAN": 27,
    "Target GaussianCopula": 31,
    "Target MedGAN": 5,
    "Target PrivBayes": 10,
    "Target SMOTE": 65,
    "Target TVAE": 42,
    "Target TableGAN": 11,
    "nan CTAB-GAN": 77,
    "nan CTGAN": 78,
    "nan CWGAN-GP": 79,
    "nan CopulaGAN": 80,
    "nan DP-CTGAN": 81,
    "nan GaussianCopula": 82,
    "nan MedGAN": 83,
    "nan PrivBayes": 84,
    "nan SMOTE": 85,
    "nan TVAE": 86,
    "nan TableGAN": 87
}