{
    "Binary CTAB-GAN": 39,
    "Binary CTGAN": 38,
    "Binary CWGAN-GP": 31,
    "Binary CopulaGAN": 45,
    "Binary DP-CTGAN": 12,
    "Binary GaussianCopula": 69,
    "Binary MedGAN": 23,
    "Binary PrivBayes": 24,
    "Binary SMOTE": 62,
    "Binary TVAE": 63,
    "Binary TableGAN": 44,
    "CV5GLMM CTAB-GAN": 5,
    "CV5GLMM CTGAN": 2,
    "CV5GLMM CWGAN-GP": 28,
    "CV5GLMM CopulaGAN": 61,
    "CV5GLMM DP-CTGAN": 36,
    "CV5GLMM GaussianCopula": 46,
    "CV5GLMM MedGAN": 0,
    "CV5GLMM PrivBayes": 1,
    "CV5GLMM SMOTE": 79,
    "CV5GLMM TVAE": 16,
    "CV5GLMM TableGAN": 41,
    "CV5Target CTAB-GAN": 52,
    "CV5Target CTGAN": 58,
    "CV5Target CWGAN-GP": 32,
    "CV5Target CopulaGAN": 74,
    "CV5Target DP-CTGAN": 8,
    "CV5Target GaussianCopula": 53,
    "CV5Target MedGAN": 13,
    "CV5Target PrivBayes": 20,
    "CV5Target SMOTE": 82,
    "CV5Target TVAE": 81,
    "CV5Target TableGAN": 26,
    "CatBoost CTAB-GAN": 59,
    "CatBoost CTGAN": 68,
    "CatBoost CWGAN-GP": 35,
    "CatBoost CopulaGAN": 76,
    "CatBoost DP-CTGAN": 37,
    "CatBoost GaussianCopula": 78,
    "CatBoost MedGAN": 3,
    "CatBoost PrivBayes": 4,
    "CatBoost SMOTE": 84,
    "CatBoost TVAE": 85,
    "CatBoost TableGAN": 50,
    "Count CTAB-GAN": 42,
    "Count CTGAN": 49,
    "Count CWGAN-GP": 33,
    "Count CopulaGAN": 70,
    "Count DP-CTGAN": 19,
    "Count GaussianCopula": 47,
    "Count MedGAN": 6,
    "Count PrivBayes": 7,
    "Count SMOTE": 83,
    "Count TVAE": 60,
    "Count TableGAN": 9,
    "GLMM CTAB-GAN": 48,
    "GLMM CTGAN": 54,
    "GLMM CWGAN-GP": 34,
    "GLMM CopulaGAN": 65,
    "GLMM DP-CTGAN": 10,
    "GLMM GaussianCopula": 57,
    "GLMM MedGAN": 18,
    "GLMM PrivBayes": 22,
    "GLMM SMOTE": 80,
    "GLMM TVAE": 55,
    "GLMM TableGAN": 51,
    "Target CTAB-GAN": 43,
    "Target CTGAN": 56,
    "Target CWGAN-GP": 29,
    "Target CopulaGAN": 71,
    "Target DP-CTGAN": 11,
    "Target GaussianCopula": 66,
    "Target MedGAN": 15,
    "Target PrivBayes": 21,
    "Target SMOTE": 77,
    "Target TVAE": 72,
    "Target TableGAN": 25,
    "nan CTAB-GAN": 64,
    "nan CTGAN": 67,
    "nan CWGAN-GP": 40,
    "nan CopulaGAN": 75,
    "nan DP-CTGAN": 30,
    "nan GaussianCopula": 73,
    "nan MedGAN": 14,
    "nan PrivBayes": 17,
    "nan SMOTE": 86,
    "nan TVAE": 87,
    "nan TableGAN": 27
}