{
    "Binary CTAB-GAN LGBMClassifier": 79,
    "Binary CTAB-GAN nan": 64,
    "Binary CTGAN LGBMClassifier": 80,
    "Binary CTGAN nan": 77,
    "Binary CWGAN-GP LGBMClassifier": 67,
    "Binary CWGAN-GP nan": 2,
    "Binary CopulaGAN LGBMClassifier": 55,
    "Binary CopulaGAN nan": 0,
    "Binary DP-CTGAN LGBMClassifier": 111,
    "Binary DP-CTGAN nan": 97,
    "Binary GaussianCopula LGBMClassifier": 142,
    "Binary GaussianCopula nan": 39,
    "Binary MedGAN LGBMClassifier": 68,
    "Binary MedGAN nan": 16,
    "Binary PrivBayes LGBMClassifier": 168,
    "Binary PrivBayes nan": 13,
    "Binary SMOTE LGBMClassifier": 151,
    "Binary SMOTE nan": 148,
    "Binary TVAE LGBMClassifier": 43,
    "Binary TVAE nan": 86,
    "Binary TableGAN LGBMClassifier": 18,
    "Binary TableGAN nan": 5,
    "Binary nan LGBMClassifier": 165,
    "Binary nan nan": 116,
    "CV5GLMM CTAB-GAN LGBMClassifier": 104,
    "CV5GLMM CTAB-GAN nan": 94,
    "CV5GLMM CTGAN LGBMClassifier": 75,
    "CV5GLMM CTGAN nan": 188,
    "CV5GLMM CWGAN-GP LGBMClassifier": 167,
    "CV5GLMM CWGAN-GP nan": 32,
    "CV5GLMM CopulaGAN LGBMClassifier": 133,
    "CV5GLMM CopulaGAN nan": 51,
    "CV5GLMM DP-CTGAN LGBMClassifier": 125,
    "CV5GLMM DP-CTGAN nan": 47,
    "CV5GLMM GaussianCopula LGBMClassifier": 106,
    "CV5GLMM GaussianCopula nan": 49,
    "CV5GLMM MedGAN LGBMClassifier": 171,
    "CV5GLMM MedGAN nan": 3,
    "CV5GLMM PrivBayes LGBMClassifier": 136,
    "CV5GLMM PrivBayes nan": 22,
    "CV5GLMM SMOTE LGBMClassifier": 186,
    "CV5GLMM SMOTE nan": 112,
    "CV5GLMM TVAE LGBMClassifier": 69,
    "CV5GLMM TVAE nan": 95,
    "CV5GLMM TableGAN LGBMClassifier": 163,
    "CV5GLMM TableGAN nan": 14,
    "CV5GLMM nan LGBMClassifier": 178,
    "CV5GLMM nan nan": 172,
    "CV5Target CTAB-GAN LGBMClassifier": 137,
    "CV5Target CTAB-GAN nan": 26,
    "CV5Target CTGAN LGBMClassifier": 159,
    "CV5Target CTGAN nan": 190,
    "CV5Target CWGAN-GP LGBMClassifier": 81,
    "CV5Target CWGAN-GP nan": 78,
    "CV5Target CopulaGAN LGBMClassifier": 138,
    "CV5Target CopulaGAN nan": 41,
    "CV5Target DP-CTGAN LGBMClassifier": 169,
    "CV5Target DP-CTGAN nan": 170,
    "CV5Target GaussianCopula LGBMClassifier": 152,
    "CV5Target GaussianCopula nan": 70,
    "CV5Target MedGAN LGBMClassifier": 82,
    "CV5Target MedGAN nan": 17,
    "CV5Target PrivBayes LGBMClassifier": 24,
    "CV5Target PrivBayes nan": 10,
    "CV5Target SMOTE LGBMClassifier": 180,
    "CV5Target SMOTE nan": 183,
    "CV5Target TVAE LGBMClassifier": 139,
    "CV5Target TVAE nan": 113,
    "CV5Target TableGAN LGBMClassifier": 76,
    "CV5Target TableGAN nan": 48,
    "CV5Target nan LGBMClassifier": 181,
    "CV5Target nan nan": 164,
    "CatBoost CTAB-GAN LGBMClassifier": 90,
    "CatBoost CTAB-GAN nan": 91,
    "CatBoost CTGAN LGBMClassifier": 98,
    "CatBoost CTGAN nan": 187,
    "CatBoost CWGAN-GP LGBMClassifier": 60,
    "CatBoost CWGAN-GP nan": 20,
    "CatBoost CopulaGAN LGBMClassifier": 114,
    "CatBoost CopulaGAN nan": 117,
    "CatBoost DP-CTGAN LGBMClassifier": 126,
    "CatBoost DP-CTGAN nan": 129,
    "CatBoost GaussianCopula LGBMClassifier": 99,
    "CatBoost GaussianCopula nan": 12,
    "CatBoost MedGAN LGBMClassifier": 44,
    "CatBoost MedGAN nan": 4,
    "CatBoost PrivBayes LGBMClassifier": 61,
    "CatBoost PrivBayes nan": 9,
    "CatBoost SMOTE LGBMClassifier": 153,
    "CatBoost SMOTE nan": 176,
    "CatBoost TVAE LGBMClassifier": 105,
    "CatBoost TVAE nan": 100,
    "CatBoost TableGAN LGBMClassifier": 40,
    "CatBoost TableGAN nan": 7,
    "CatBoost nan LGBMClassifier": 166,
    "CatBoost nan nan": 160,
    "Count CTAB-GAN LGBMClassifier": 154,
    "Count CTAB-GAN nan": 71,
    "Count CTGAN LGBMClassifier": 109,
    "Count CTGAN nan": 182,
    "Count CWGAN-GP LGBMClassifier": 36,
    "Count CWGAN-GP nan": 15,
    "Count CopulaGAN LGBMClassifier": 83,
    "Count CopulaGAN nan": 25,
    "Count DP-CTGAN LGBMClassifier": 92,
    "Count DP-CTGAN nan": 72,
    "Count GaussianCopula LGBMClassifier": 130,
    "Count GaussianCopula nan": 62,
    "Count MedGAN LGBMClassifier": 93,
    "Count MedGAN nan": 87,
    "Count PrivBayes LGBMClassifier": 118,
    "Count PrivBayes nan": 65,
    "Count SMOTE LGBMClassifier": 175,
    "Count SMOTE nan": 146,
    "Count TVAE LGBMClassifier": 131,
    "Count TVAE nan": 161,
    "Count TableGAN LGBMClassifier": 140,
    "Count TableGAN nan": 6,
    "Count nan LGBMClassifier": 177,
    "Count nan nan": 173,
    "GLMM CTAB-GAN LGBMClassifier": 156,
    "GLMM CTAB-GAN nan": 27,
    "GLMM CTGAN LGBMClassifier": 155,
    "GLMM CTGAN nan": 191,
    "GLMM CWGAN-GP LGBMClassifier": 96,
    "GLMM CWGAN-GP nan": 52,
    "GLMM CopulaGAN LGBMClassifier": 119,
    "GLMM CopulaGAN nan": 84,
    "GLMM DP-CTGAN LGBMClassifier": 66,
    "GLMM DP-CTGAN nan": 38,
    "GLMM GaussianCopula LGBMClassifier": 141,
    "GLMM GaussianCopula nan": 85,
    "GLMM MedGAN LGBMClassifier": 149,
    "GLMM MedGAN nan": 21,
    "GLMM PrivBayes LGBMClassifier": 120,
    "GLMM PrivBayes nan": 19,
    "GLMM SMOTE LGBMClassifier": 147,
    "GLMM SMOTE nan": 56,
    "GLMM TVAE LGBMClassifier": 107,
    "GLMM TVAE nan": 101,
    "GLMM TableGAN LGBMClassifier": 110,
    "GLMM TableGAN nan": 23,
    "GLMM nan LGBMClassifier": 184,
    "GLMM nan nan": 157,
    "Target CTAB-GAN LGBMClassifier": 34,
    "Target CTAB-GAN nan": 28,
    "Target CTGAN LGBMClassifier": 127,
    "Target CTGAN nan": 189,
    "Target CWGAN-GP LGBMClassifier": 63,
    "Target CWGAN-GP nan": 42,
    "Target CopulaGAN LGBMClassifier": 121,
    "Target CopulaGAN nan": 29,
    "Target DP-CTGAN LGBMClassifier": 115,
    "Target DP-CTGAN nan": 59,
    "Target GaussianCopula LGBMClassifier": 128,
    "Target GaussianCopula nan": 57,
    "Target MedGAN LGBMClassifier": 102,
    "Target MedGAN nan": 53,
    "Target PrivBayes LGBMClassifier": 162,
    "Target PrivBayes nan": 88,
    "Target SMOTE LGBMClassifier": 134,
    "Target SMOTE nan": 135,
    "Target TVAE LGBMClassifier": 143,
    "Target TVAE nan": 158,
    "Target TableGAN LGBMClassifier": 73,
    "Target TableGAN nan": 11,
    "Target nan LGBMClassifier": 185,
    "Target nan nan": 144,
    "nan CTAB-GAN LGBMClassifier": 122,
    "nan CTAB-GAN nan": 33,
    "nan CTGAN LGBMClassifier": 50,
    "nan CTGAN nan": 31,
    "nan CWGAN-GP LGBMClassifier": 89,
    "nan CWGAN-GP nan": 45,
    "nan CopulaGAN LGBMClassifier": 54,
    "nan CopulaGAN nan": 108,
    "nan DP-CTGAN LGBMClassifier": 103,
    "nan DP-CTGAN nan": 123,
    "nan GaussianCopula LGBMClassifier": 74,
    "nan GaussianCopula nan": 35,
    "nan MedGAN LGBMClassifier": 30,
    "nan MedGAN nan": 37,
    "nan PrivBayes LGBMClassifier": 145,
    "nan PrivBayes nan": 8,
    "nan SMOTE LGBMClassifier": 179,
    "nan SMOTE nan": 124,
    "nan TVAE LGBMClassifier": 150,
    "nan TVAE nan": 46,
    "nan TableGAN LGBMClassifier": 58,
    "nan TableGAN nan": 1,
    "nan nan LGBMClassifier": 174,
    "nan nan nan": 132
}