{
    "Binary CTAB-GAN LGBMClassifier": 82,
    "Binary CTAB-GAN nan": 2,
    "Binary CTGAN LGBMClassifier": 37,
    "Binary CTGAN nan": 98,
    "Binary CWGAN-GP LGBMClassifier": 77,
    "Binary CWGAN-GP nan": 72,
    "Binary CopulaGAN LGBMClassifier": 99,
    "Binary CopulaGAN nan": 44,
    "Binary DP-CTGAN LGBMClassifier": 129,
    "Binary DP-CTGAN nan": 153,
    "Binary GaussianCopula LGBMClassifier": 83,
    "Binary GaussianCopula nan": 41,
    "Binary MedGAN LGBMClassifier": 102,
    "Binary MedGAN nan": 64,
    "Binary PrivBayes LGBMClassifier": 87,
    "Binary PrivBayes nan": 176,
    "Binary SMOTE LGBMClassifier": 137,
    "Binary SMOTE nan": 167,
    "Binary TVAE LGBMClassifier": 123,
    "Binary TVAE nan": 121,
    "Binary TableGAN LGBMClassifier": 131,
    "Binary TableGAN nan": 29,
    "Binary nan LGBMClassifier": 136,
    "Binary nan nan": 154,
    "CV5GLMM CTAB-GAN LGBMClassifier": 21,
    "CV5GLMM CTAB-GAN nan": 3,
    "CV5GLMM CTGAN LGBMClassifier": 48,
    "CV5GLMM CTGAN nan": 189,
    "CV5GLMM CWGAN-GP LGBMClassifier": 144,
    "CV5GLMM CWGAN-GP nan": 56,
    "CV5GLMM CopulaGAN LGBMClassifier": 46,
    "CV5GLMM CopulaGAN nan": 20,
    "CV5GLMM DP-CTGAN LGBMClassifier": 107,
    "CV5GLMM DP-CTGAN nan": 90,
    "CV5GLMM GaussianCopula LGBMClassifier": 4,
    "CV5GLMM GaussianCopula nan": 26,
    "CV5GLMM MedGAN LGBMClassifier": 108,
    "CV5GLMM MedGAN nan": 5,
    "CV5GLMM PrivBayes LGBMClassifier": 138,
    "CV5GLMM PrivBayes nan": 156,
    "CV5GLMM SMOTE LGBMClassifier": 146,
    "CV5GLMM SMOTE nan": 135,
    "CV5GLMM TVAE LGBMClassifier": 65,
    "CV5GLMM TVAE nan": 80,
    "CV5GLMM TableGAN LGBMClassifier": 66,
    "CV5GLMM TableGAN nan": 6,
    "CV5GLMM nan LGBMClassifier": 169,
    "CV5GLMM nan nan": 165,
    "CV5Target CTAB-GAN LGBMClassifier": 23,
    "CV5Target CTAB-GAN nan": 7,
    "CV5Target CTGAN LGBMClassifier": 49,
    "CV5Target CTGAN nan": 190,
    "CV5Target CWGAN-GP LGBMClassifier": 147,
    "CV5Target CWGAN-GP nan": 109,
    "CV5Target CopulaGAN LGBMClassifier": 59,
    "CV5Target CopulaGAN nan": 8,
    "CV5Target DP-CTGAN LGBMClassifier": 149,
    "CV5Target DP-CTGAN nan": 110,
    "CV5Target GaussianCopula LGBMClassifier": 91,
    "CV5Target GaussianCopula nan": 18,
    "CV5Target MedGAN LGBMClassifier": 78,
    "CV5Target MedGAN nan": 32,
    "CV5Target PrivBayes LGBMClassifier": 19,
    "CV5Target PrivBayes nan": 162,
    "CV5Target SMOTE LGBMClassifier": 128,
    "CV5Target SMOTE nan": 150,
    "CV5Target TVAE LGBMClassifier": 111,
    "CV5Target TVAE nan": 103,
    "CV5Target TableGAN LGBMClassifier": 100,
    "CV5Target TableGAN nan": 9,
    "CV5Target nan LGBMClassifier": 166,
    "CV5Target nan nan": 161,
    "CatBoost CTAB-GAN LGBMClassifier": 40,
    "CatBoost CTAB-GAN nan": 10,
    "CatBoost CTGAN LGBMClassifier": 47,
    "CatBoost CTGAN nan": 191,
    "CatBoost CWGAN-GP LGBMClassifier": 76,
    "CatBoost CWGAN-GP nan": 54,
    "CatBoost CopulaGAN LGBMClassifier": 35,
    "CatBoost CopulaGAN nan": 11,
    "CatBoost DP-CTGAN LGBMClassifier": 134,
    "CatBoost DP-CTGAN nan": 79,
    "CatBoost GaussianCopula LGBMClassifier": 50,
    "CatBoost GaussianCopula nan": 38,
    "CatBoost MedGAN LGBMClassifier": 125,
    "CatBoost MedGAN nan": 0,
    "CatBoost PrivBayes LGBMClassifier": 75,
    "CatBoost PrivBayes nan": 178,
    "CatBoost SMOTE LGBMClassifier": 42,
    "CatBoost SMOTE nan": 177,
    "CatBoost TVAE LGBMClassifier": 24,
    "CatBoost TVAE nan": 81,
    "CatBoost TableGAN LGBMClassifier": 92,
    "CatBoost TableGAN nan": 1,
    "CatBoost nan LGBMClassifier": 93,
    "CatBoost nan nan": 112,
    "Count CTAB-GAN LGBMClassifier": 122,
    "Count CTAB-GAN nan": 22,
    "Count CTGAN LGBMClassifier": 118,
    "Count CTGAN nan": 185,
    "Count CWGAN-GP LGBMClassifier": 139,
    "Count CWGAN-GP nan": 57,
    "Count CopulaGAN LGBMClassifier": 94,
    "Count CopulaGAN nan": 31,
    "Count DP-CTGAN LGBMClassifier": 140,
    "Count DP-CTGAN nan": 130,
    "Count GaussianCopula LGBMClassifier": 67,
    "Count GaussianCopula nan": 33,
    "Count MedGAN LGBMClassifier": 143,
    "Count MedGAN nan": 106,
    "Count PrivBayes LGBMClassifier": 116,
    "Count PrivBayes nan": 145,
    "Count SMOTE LGBMClassifier": 171,
    "Count SMOTE nan": 186,
    "Count TVAE LGBMClassifier": 60,
    "Count TVAE nan": 113,
    "Count TableGAN LGBMClassifier": 141,
    "Count TableGAN nan": 71,
    "Count nan LGBMClassifier": 164,
    "Count nan nan": 172,
    "GLMM CTAB-GAN LGBMClassifier": 120,
    "GLMM CTAB-GAN nan": 30,
    "GLMM CTGAN LGBMClassifier": 84,
    "GLMM CTGAN nan": 187,
    "GLMM CWGAN-GP LGBMClassifier": 104,
    "GLMM CWGAN-GP nan": 63,
    "GLMM CopulaGAN LGBMClassifier": 53,
    "GLMM CopulaGAN nan": 27,
    "GLMM DP-CTGAN LGBMClassifier": 155,
    "GLMM DP-CTGAN nan": 159,
    "GLMM GaussianCopula LGBMClassifier": 174,
    "GLMM GaussianCopula nan": 36,
    "GLMM MedGAN LGBMClassifier": 95,
    "GLMM MedGAN nan": 85,
    "GLMM PrivBayes LGBMClassifier": 132,
    "GLMM PrivBayes nan": 170,
    "GLMM SMOTE LGBMClassifier": 184,
    "GLMM SMOTE nan": 158,
    "GLMM TVAE LGBMClassifier": 151,
    "GLMM TVAE nan": 133,
    "GLMM TableGAN LGBMClassifier": 45,
    "GLMM TableGAN nan": 101,
    "GLMM nan LGBMClassifier": 180,
    "GLMM nan nan": 175,
    "Target CTAB-GAN LGBMClassifier": 70,
    "Target CTAB-GAN nan": 17,
    "Target CTGAN LGBMClassifier": 73,
    "Target CTGAN nan": 188,
    "Target CWGAN-GP LGBMClassifier": 179,
    "Target CWGAN-GP nan": 68,
    "Target CopulaGAN LGBMClassifier": 39,
    "Target CopulaGAN nan": 12,
    "Target DP-CTGAN LGBMClassifier": 127,
    "Target DP-CTGAN nan": 69,
    "Target GaussianCopula LGBMClassifier": 86,
    "Target GaussianCopula nan": 43,
    "Target MedGAN LGBMClassifier": 61,
    "Target MedGAN nan": 28,
    "Target PrivBayes LGBMClassifier": 105,
    "Target PrivBayes nan": 173,
    "Target SMOTE LGBMClassifier": 183,
    "Target SMOTE nan": 160,
    "Target TVAE LGBMClassifier": 163,
    "Target TVAE nan": 119,
    "Target TableGAN LGBMClassifier": 142,
    "Target TableGAN nan": 13,
    "Target nan LGBMClassifier": 182,
    "Target nan nan": 181,
    "nan CTAB-GAN LGBMClassifier": 34,
    "nan CTAB-GAN nan": 14,
    "nan CTGAN LGBMClassifier": 51,
    "nan CTGAN nan": 15,
    "nan CWGAN-GP LGBMClassifier": 96,
    "nan CWGAN-GP nan": 88,
    "nan CopulaGAN LGBMClassifier": 55,
    "nan CopulaGAN nan": 16,
    "nan DP-CTGAN LGBMClassifier": 126,
    "nan DP-CTGAN nan": 157,
    "nan GaussianCopula LGBMClassifier": 114,
    "nan GaussianCopula nan": 25,
    "nan MedGAN LGBMClassifier": 89,
    "nan MedGAN nan": 52,
    "nan PrivBayes LGBMClassifier": 115,
    "nan PrivBayes nan": 168,
    "nan SMOTE LGBMClassifier": 58,
    "nan SMOTE nan": 148,
    "nan TVAE LGBMClassifier": 124,
    "nan TVAE nan": 62,
    "nan TableGAN LGBMClassifier": 117,
    "nan TableGAN nan": 74,
    "nan nan LGBMClassifier": 97,
    "nan nan nan": 152
}