{
    "Binary CTAB-GAN": 50,
    "Binary CTGAN": 3,
    "Binary CWGAN-GP": 74,
    "Binary CopulaGAN": 22,
    "Binary DP-CTGAN": 4,
    "Binary GaussianCopula": 53,
    "Binary MedGAN": 38,
    "Binary PrivBayes": 41,
    "Binary SMOTE": 75,
    "Binary TVAE": 25,
    "Binary TableGAN": 73,
    "CV5GLMM CTAB-GAN": 66,
    "CV5GLMM CTGAN": 5,
    "CV5GLMM CWGAN-GP": 76,
    "CV5GLMM CopulaGAN": 26,
    "CV5GLMM DP-CTGAN": 6,
    "CV5GLMM GaussianCopula": 68,
    "CV5GLMM MedGAN": 27,
    "CV5GLMM PrivBayes": 45,
    "CV5GLMM SMOTE": 77,
    "CV5GLMM TVAE": 70,
    "CV5GLMM TableGAN": 57,
    "CV5Target CTAB-GAN": 59,
    "CV5Target CTGAN": 7,
    "CV5Target CWGAN-GP": 78,
    "CV5Target CopulaGAN": 30,
    "CV5Target DP-CTGAN": 8,
    "CV5Target GaussianCopula": 67,
    "CV5Target MedGAN": 28,
    "CV5Target PrivBayes": 54,
    "CV5Target SMOTE": 79,
    "CV5Target TVAE": 69,
    "CV5Target TableGAN": 51,
    "CatBoost CTAB-GAN": 71,
    "CatBoost CTGAN": 9,
    "CatBoost CWGAN-GP": 80,
    "CatBoost CopulaGAN": 23,
    "CatBoost DP-CTGAN": 10,
    "CatBoost GaussianCopula": 43,
    "CatBoost MedGAN": 31,
    "CatBoost PrivBayes": 42,
    "CatBoost SMOTE": 81,
    "CatBoost TVAE": 46,
    "CatBoost TableGAN": 55,
    "Count CTAB-GAN": 47,
    "Count CTGAN": 11,
    "Count CWGAN-GP": 82,
    "Count CopulaGAN": 20,
    "Count DP-CTGAN": 12,
    "Count GaussianCopula": 65,
    "Count MedGAN": 39,
    "Count PrivBayes": 61,
    "Count SMOTE": 83,
    "Count TVAE": 29,
    "Count TableGAN": 63,
    "GLMM CTAB-GAN": 48,
    "GLMM CTGAN": 13,
    "GLMM CWGAN-GP": 84,
    "GLMM CopulaGAN": 21,
    "GLMM DP-CTGAN": 14,
    "GLMM GaussianCopula": 60,
    "GLMM MedGAN": 32,
    "GLMM PrivBayes": 49,
    "GLMM SMOTE": 85,
    "GLMM TVAE": 44,
    "GLMM TableGAN": 62,
    "Target CTAB-GAN": 72,
    "Target CTGAN": 15,
    "Target CWGAN-GP": 86,
    "Target CopulaGAN": 19,
    "Target DP-CTGAN": 16,
    "Target GaussianCopula": 52,
    "Target MedGAN": 37,
    "Target PrivBayes": 64,
    "Target SMOTE": 87,
    "Target TVAE": 56,
    "Target TableGAN": 58,
    "nan CTAB-GAN": 34,
    "nan CTGAN": 40,
    "nan CWGAN-GP": 1,
    "nan CopulaGAN": 24,
    "nan DP-CTGAN": 0,
    "nan GaussianCopula": 35,
    "nan MedGAN": 2,
    "nan PrivBayes": 18,
    "nan SMOTE": 33,
    "nan TVAE": 36,
    "nan TableGAN": 17
}