{
    "Binary CTAB-GAN": 42,
    "Binary CTGAN": 12,
    "Binary CWGAN-GP": 74,
    "Binary CopulaGAN": 17,
    "Binary DP-CTGAN": 21,
    "Binary GaussianCopula": 61,
    "Binary MedGAN": 39,
    "Binary PrivBayes": 57,
    "Binary SMOTE": 75,
    "Binary TVAE": 43,
    "Binary TableGAN": 70,
    "CV5GLMM CTAB-GAN": 34,
    "CV5GLMM CTGAN": 7,
    "CV5GLMM CWGAN-GP": 76,
    "CV5GLMM CopulaGAN": 49,
    "CV5GLMM DP-CTGAN": 32,
    "CV5GLMM GaussianCopula": 58,
    "CV5GLMM MedGAN": 2,
    "CV5GLMM PrivBayes": 36,
    "CV5GLMM SMOTE": 77,
    "CV5GLMM TVAE": 35,
    "CV5GLMM TableGAN": 63,
    "CV5Target CTAB-GAN": 25,
    "CV5Target CTGAN": 44,
    "CV5Target CWGAN-GP": 78,
    "CV5Target CopulaGAN": 50,
    "CV5Target DP-CTGAN": 54,
    "CV5Target GaussianCopula": 71,
    "CV5Target MedGAN": 16,
    "CV5Target PrivBayes": 55,
    "CV5Target SMOTE": 79,
    "CV5Target TVAE": 47,
    "CV5Target TableGAN": 69,
    "CatBoost CTAB-GAN": 52,
    "CatBoost CTGAN": 3,
    "CatBoost CWGAN-GP": 80,
    "CatBoost CopulaGAN": 20,
    "CatBoost DP-CTGAN": 37,
    "CatBoost GaussianCopula": 64,
    "CatBoost MedGAN": 45,
    "CatBoost PrivBayes": 46,
    "CatBoost SMOTE": 81,
    "CatBoost TVAE": 31,
    "CatBoost TableGAN": 59,
    "Count CTAB-GAN": 15,
    "Count CTGAN": 8,
    "Count CWGAN-GP": 82,
    "Count CopulaGAN": 23,
    "Count DP-CTGAN": 65,
    "Count GaussianCopula": 73,
    "Count MedGAN": 40,
    "Count PrivBayes": 72,
    "Count SMOTE": 83,
    "Count TVAE": 51,
    "Count TableGAN": 62,
    "GLMM CTAB-GAN": 26,
    "GLMM CTGAN": 4,
    "GLMM CWGAN-GP": 84,
    "GLMM CopulaGAN": 53,
    "GLMM DP-CTGAN": 18,
    "GLMM GaussianCopula": 68,
    "GLMM MedGAN": 13,
    "GLMM PrivBayes": 56,
    "GLMM SMOTE": 85,
    "GLMM TVAE": 48,
    "GLMM TableGAN": 67,
    "Target CTAB-GAN": 30,
    "Target CTGAN": 5,
    "Target CWGAN-GP": 86,
    "Target CopulaGAN": 29,
    "Target DP-CTGAN": 24,
    "Target GaussianCopula": 66,
    "Target MedGAN": 27,
    "Target PrivBayes": 60,
    "Target SMOTE": 87,
    "Target TVAE": 28,
    "Target TableGAN": 41,
    "nan CTAB-GAN": 10,
    "nan CTGAN": 11,
    "nan CWGAN-GP": 33,
    "nan CopulaGAN": 9,
    "nan DP-CTGAN": 22,
    "nan GaussianCopula": 38,
    "nan MedGAN": 6,
    "nan PrivBayes": 0,
    "nan SMOTE": 14,
    "nan TVAE": 19,
    "nan TableGAN": 1
}