{
    "Binary CTAB-GAN": 10,
    "Binary CTGAN": 17,
    "Binary CWGAN-GP": 0,
    "Binary CopulaGAN": 14,
    "Binary DP-CTGAN": 11,
    "Binary GaussianCopula": 42,
    "Binary MedGAN": 8,
    "Binary PrivBayes": 16,
    "Binary SMOTE": 68,
    "Binary TVAE": 24,
    "Binary TableGAN": 30,
    "CV5GLMM CTAB-GAN": 49,
    "CV5GLMM CTGAN": 61,
    "CV5GLMM CWGAN-GP": 2,
    "CV5GLMM CopulaGAN": 57,
    "CV5GLMM DP-CTGAN": 37,
    "CV5GLMM GaussianCopula": 79,
    "CV5GLMM MedGAN": 7,
    "CV5GLMM PrivBayes": 51,
    "CV5GLMM SMOTE": 83,
    "CV5GLMM TVAE": 71,
    "CV5GLMM TableGAN": 15,
    "CV5Target CTAB-GAN": 62,
    "CV5Target CTGAN": 63,
    "CV5Target CWGAN-GP": 5,
    "CV5Target CopulaGAN": 58,
    "CV5Target DP-CTGAN": 36,
    "CV5Target GaussianCopula": 76,
    "CV5Target MedGAN": 12,
    "CV5Target PrivBayes": 52,
    "CV5Target SMOTE": 86,
    "CV5Target TVAE": 74,
    "CV5Target TableGAN": 23,
    "CatBoost CTAB-GAN": 55,
    "CatBoost CTGAN": 39,
    "CatBoost CWGAN-GP": 13,
    "CatBoost CopulaGAN": 45,
    "CatBoost DP-CTGAN": 27,
    "CatBoost GaussianCopula": 81,
    "CatBoost MedGAN": 3,
    "CatBoost PrivBayes": 31,
    "CatBoost SMOTE": 84,
    "CatBoost TVAE": 73,
    "CatBoost TableGAN": 20,
    "Count CTAB-GAN": 53,
    "Count CTGAN": 64,
    "Count CWGAN-GP": 4,
    "Count CopulaGAN": 60,
    "Count DP-CTGAN": 43,
    "Count GaussianCopula": 75,
    "Count MedGAN": 21,
    "Count PrivBayes": 38,
    "Count SMOTE": 87,
    "Count TVAE": 67,
    "Count TableGAN": 1,
    "GLMM CTAB-GAN": 40,
    "GLMM CTGAN": 54,
    "GLMM CWGAN-GP": 6,
    "GLMM CopulaGAN": 48,
    "GLMM DP-CTGAN": 33,
    "GLMM GaussianCopula": 78,
    "GLMM MedGAN": 18,
    "GLMM PrivBayes": 34,
    "GLMM SMOTE": 82,
    "GLMM TVAE": 69,
    "GLMM TableGAN": 26,
    "Target CTAB-GAN": 41,
    "Target CTGAN": 56,
    "Target CWGAN-GP": 9,
    "Target CopulaGAN": 47,
    "Target DP-CTGAN": 35,
    "Target GaussianCopula": 80,
    "Target MedGAN": 19,
    "Target PrivBayes": 32,
    "Target SMOTE": 85,
    "Target TVAE": 70,
    "Target TableGAN": 29,
    "nan CTAB-GAN": 65,
    "nan CTGAN": 59,
    "nan CWGAN-GP": 22,
    "nan CopulaGAN": 50,
    "nan DP-CTGAN": 46,
    "nan GaussianCopula": 66,
    "nan MedGAN": 28,
    "nan PrivBayes": 44,
    "nan SMOTE": 77,
    "nan TVAE": 72,
    "nan TableGAN": 25
}