{
    "Binary CTAB-GAN": 47,
    "Binary CTGAN": 56,
    "Binary CWGAN-GP": 17,
    "Binary CopulaGAN": 63,
    "Binary DP-CTGAN": 49,
    "Binary GaussianCopula": 80,
    "Binary MedGAN": 22,
    "Binary PrivBayes": 51,
    "Binary SMOTE": 85,
    "Binary TVAE": 81,
    "Binary TableGAN": 26,
    "CV5GLMM CTAB-GAN": 32,
    "CV5GLMM CTGAN": 40,
    "CV5GLMM CWGAN-GP": 5,
    "CV5GLMM CopulaGAN": 41,
    "CV5GLMM DP-CTGAN": 27,
    "CV5GLMM GaussianCopula": 67,
    "CV5GLMM MedGAN": 3,
    "CV5GLMM PrivBayes": 30,
    "CV5GLMM SMOTE": 75,
    "CV5GLMM TVAE": 69,
    "CV5GLMM TableGAN": 12,
    "CV5Target CTAB-GAN": 34,
    "CV5Target CTGAN": 37,
    "CV5Target CWGAN-GP": 7,
    "CV5Target CopulaGAN": 39,
    "CV5Target DP-CTGAN": 25,
    "CV5Target GaussianCopula": 60,
    "CV5Target MedGAN": 0,
    "CV5Target PrivBayes": 28,
    "CV5Target SMOTE": 76,
    "CV5Target TVAE": 70,
    "CV5Target TableGAN": 21,
    "CatBoost CTAB-GAN": 38,
    "CatBoost CTGAN": 46,
    "CatBoost CWGAN-GP": 6,
    "CatBoost CopulaGAN": 44,
    "CatBoost DP-CTGAN": 35,
    "CatBoost GaussianCopula": 72,
    "CatBoost MedGAN": 1,
    "CatBoost PrivBayes": 42,
    "CatBoost SMOTE": 73,
    "CatBoost TVAE": 62,
    "CatBoost TableGAN": 18,
    "Count CTAB-GAN": 68,
    "Count CTGAN": 71,
    "Count CWGAN-GP": 23,
    "Count CopulaGAN": 74,
    "Count DP-CTGAN": 55,
    "Count GaussianCopula": 83,
    "Count MedGAN": 33,
    "Count PrivBayes": 54,
    "Count SMOTE": 86,
    "Count TVAE": 84,
    "Count TableGAN": 50,
    "GLMM CTAB-GAN": 20,
    "GLMM CTGAN": 36,
    "GLMM CWGAN-GP": 4,
    "GLMM CopulaGAN": 45,
    "GLMM DP-CTGAN": 13,
    "GLMM GaussianCopula": 64,
    "GLMM MedGAN": 9,
    "GLMM PrivBayes": 14,
    "GLMM SMOTE": 78,
    "GLMM TVAE": 57,
    "GLMM TableGAN": 10,
    "Target CTAB-GAN": 19,
    "Target CTGAN": 31,
    "Target CWGAN-GP": 2,
    "Target CopulaGAN": 43,
    "Target DP-CTGAN": 15,
    "Target GaussianCopula": 66,
    "Target MedGAN": 8,
    "Target PrivBayes": 16,
    "Target SMOTE": 79,
    "Target TVAE": 58,
    "Target TableGAN": 11,
    "nan CTAB-GAN": 61,
    "nan CTGAN": 59,
    "nan CWGAN-GP": 29,
    "nan CopulaGAN": 65,
    "nan DP-CTGAN": 52,
    "nan GaussianCopula": 77,
    "nan MedGAN": 24,
    "nan PrivBayes": 53,
    "nan SMOTE": 87,
    "nan TVAE": 82,
    "nan TableGAN": 48
}