{
    "Binary CTAB-GAN LGBMRegressor": 128,
    "Binary CTAB-GAN nan": 19,
    "Binary CTGAN LGBMRegressor": 29,
    "Binary CTGAN nan": 4,
    "Binary CopulaGAN LGBMRegressor": 28,
    "Binary CopulaGAN nan": 6,
    "Binary DP-CTGAN LGBMRegressor": 163,
    "Binary DP-CTGAN nan": 95,
    "Binary GaussianCopula LGBMRegressor": 120,
    "Binary GaussianCopula nan": 30,
    "Binary MedGAN LGBMRegressor": 31,
    "Binary MedGAN nan": 144,
    "Binary PrivBayes LGBMRegressor": 32,
    "Binary PrivBayes nan": 0,
    "Binary TVAE LGBMRegressor": 96,
    "Binary TVAE nan": 27,
    "Binary TableGAN LGBMRegressor": 145,
    "Binary TableGAN nan": 1,
    "Binary WGAN-GP LGBMRegressor": 140,
    "Binary WGAN-GP nan": 14,
    "Binary nan LGBMRegressor": 33,
    "Binary nan nan": 174,
    "CV5GLMM CTAB-GAN LGBMRegressor": 97,
    "CV5GLMM CTAB-GAN nan": 34,
    "CV5GLMM CTGAN LGBMRegressor": 35,
    "CV5GLMM CTGAN nan": 10,
    "CV5GLMM CopulaGAN LGBMRegressor": 36,
    "CV5GLMM CopulaGAN nan": 17,
    "CV5GLMM DP-CTGAN LGBMRegressor": 37,
    "CV5GLMM DP-CTGAN nan": 38,
    "CV5GLMM GaussianCopula LGBMRegressor": 98,
    "CV5GLMM GaussianCopula nan": 39,
    "CV5GLMM MedGAN LGBMRegressor": 160,
    "CV5GLMM MedGAN nan": 123,
    "CV5GLMM PrivBayes LGBMRegressor": 40,
    "CV5GLMM PrivBayes nan": 147,
    "CV5GLMM TVAE LGBMRegressor": 99,
    "CV5GLMM TVAE nan": 124,
    "CV5GLMM TableGAN LGBMRegressor": 146,
    "CV5GLMM TableGAN nan": 148,
    "CV5GLMM WGAN-GP LGBMRegressor": 117,
    "CV5GLMM WGAN-GP nan": 41,
    "CV5GLMM nan LGBMRegressor": 42,
    "CV5GLMM nan nan": 168,
    "CV5Target CTAB-GAN LGBMRegressor": 43,
    "CV5Target CTAB-GAN nan": 20,
    "CV5Target CTGAN LGBMRegressor": 44,
    "CV5Target CTGAN nan": 11,
    "CV5Target CopulaGAN LGBMRegressor": 100,
    "CV5Target CopulaGAN nan": 16,
    "CV5Target DP-CTGAN LGBMRegressor": 45,
    "CV5Target DP-CTGAN nan": 46,
    "CV5Target GaussianCopula LGBMRegressor": 47,
    "CV5Target GaussianCopula nan": 48,
    "CV5Target MedGAN LGBMRegressor": 49,
    "CV5Target MedGAN nan": 127,
    "CV5Target PrivBayes LGBMRegressor": 101,
    "CV5Target PrivBayes nan": 152,
    "CV5Target TVAE LGBMRegressor": 102,
    "CV5Target TVAE nan": 134,
    "CV5Target TableGAN LGBMRegressor": 50,
    "CV5Target TableGAN nan": 149,
    "CV5Target WGAN-GP LGBMRegressor": 51,
    "CV5Target WGAN-GP nan": 52,
    "CV5Target nan LGBMRegressor": 53,
    "CV5Target nan nan": 161,
    "CatBoost CTAB-GAN LGBMRegressor": 103,
    "CatBoost CTAB-GAN nan": 23,
    "CatBoost CTGAN LGBMRegressor": 54,
    "CatBoost CTGAN nan": 5,
    "CatBoost CopulaGAN LGBMRegressor": 55,
    "CatBoost CopulaGAN nan": 56,
    "CatBoost DP-CTGAN LGBMRegressor": 164,
    "CatBoost DP-CTGAN nan": 57,
    "CatBoost GaussianCopula LGBMRegressor": 125,
    "CatBoost GaussianCopula nan": 58,
    "CatBoost MedGAN LGBMRegressor": 153,
    "CatBoost MedGAN nan": 154,
    "CatBoost PrivBayes LGBMRegressor": 59,
    "CatBoost PrivBayes nan": 150,
    "CatBoost TVAE LGBMRegressor": 104,
    "CatBoost TVAE nan": 129,
    "CatBoost TableGAN LGBMRegressor": 167,
    "CatBoost TableGAN nan": 155,
    "CatBoost WGAN-GP LGBMRegressor": 130,
    "CatBoost WGAN-GP nan": 118,
    "CatBoost nan LGBMRegressor": 60,
    "CatBoost nan nan": 171,
    "Count CTAB-GAN LGBMRegressor": 61,
    "Count CTAB-GAN nan": 24,
    "Count CTGAN LGBMRegressor": 62,
    "Count CTGAN nan": 8,
    "Count CopulaGAN LGBMRegressor": 63,
    "Count CopulaGAN nan": 7,
    "Count DP-CTGAN LGBMRegressor": 64,
    "Count DP-CTGAN nan": 65,
    "Count GaussianCopula LGBMRegressor": 66,
    "Count GaussianCopula nan": 67,
    "Count MedGAN LGBMRegressor": 68,
    "Count MedGAN nan": 156,
    "Count PrivBayes LGBMRegressor": 69,
    "Count PrivBayes nan": 157,
    "Count TVAE LGBMRegressor": 105,
    "Count TVAE nan": 126,
    "Count TableGAN LGBMRegressor": 106,
    "Count TableGAN nan": 151,
    "Count WGAN-GP LGBMRegressor": 141,
    "Count WGAN-GP nan": 70,
    "Count nan LGBMRegressor": 71,
    "Count nan nan": 173,
    "GLMM CTAB-GAN LGBMRegressor": 107,
    "GLMM CTAB-GAN nan": 21,
    "GLMM CTGAN LGBMRegressor": 72,
    "GLMM CTGAN nan": 12,
    "GLMM CopulaGAN LGBMRegressor": 73,
    "GLMM CopulaGAN nan": 15,
    "GLMM DP-CTGAN LGBMRegressor": 165,
    "GLMM DP-CTGAN nan": 74,
    "GLMM GaussianCopula LGBMRegressor": 121,
    "GLMM GaussianCopula nan": 75,
    "GLMM MedGAN LGBMRegressor": 76,
    "GLMM MedGAN nan": 162,
    "GLMM PrivBayes LGBMRegressor": 135,
    "GLMM PrivBayes nan": 108,
    "GLMM TVAE LGBMRegressor": 109,
    "GLMM TVAE nan": 131,
    "GLMM TableGAN LGBMRegressor": 110,
    "GLMM TableGAN nan": 119,
    "GLMM WGAN-GP LGBMRegressor": 136,
    "GLMM WGAN-GP nan": 77,
    "GLMM nan LGBMRegressor": 78,
    "GLMM nan nan": 172,
    "Target CTAB-GAN LGBMRegressor": 111,
    "Target CTAB-GAN nan": 22,
    "Target CTGAN LGBMRegressor": 112,
    "Target CTGAN nan": 26,
    "Target CopulaGAN LGBMRegressor": 79,
    "Target CopulaGAN nan": 13,
    "Target DP-CTGAN LGBMRegressor": 169,
    "Target DP-CTGAN nan": 80,
    "Target GaussianCopula LGBMRegressor": 113,
    "Target GaussianCopula nan": 81,
    "Target MedGAN LGBMRegressor": 82,
    "Target MedGAN nan": 158,
    "Target PrivBayes LGBMRegressor": 83,
    "Target PrivBayes nan": 166,
    "Target TVAE LGBMRegressor": 114,
    "Target TVAE nan": 137,
    "Target TableGAN LGBMRegressor": 138,
    "Target TableGAN nan": 159,
    "Target WGAN-GP LGBMRegressor": 142,
    "Target WGAN-GP nan": 84,
    "Target nan LGBMRegressor": 85,
    "Target nan nan": 175,
    "nan CTAB-GAN LGBMRegressor": 115,
    "nan CTAB-GAN nan": 25,
    "nan CTGAN LGBMRegressor": 86,
    "nan CTGAN nan": 18,
    "nan CopulaGAN LGBMRegressor": 87,
    "nan CopulaGAN nan": 9,
    "nan DP-CTGAN LGBMRegressor": 88,
    "nan DP-CTGAN nan": 132,
    "nan GaussianCopula LGBMRegressor": 89,
    "nan GaussianCopula nan": 90,
    "nan MedGAN LGBMRegressor": 91,
    "nan MedGAN nan": 143,
    "nan PrivBayes LGBMRegressor": 92,
    "nan PrivBayes nan": 2,
    "nan TVAE LGBMRegressor": 116,
    "nan TVAE nan": 133,
    "nan TableGAN LGBMRegressor": 122,
    "nan TableGAN nan": 3,
    "nan WGAN-GP LGBMRegressor": 139,
    "nan WGAN-GP nan": 93,
    "nan nan LGBMRegressor": 94,
    "nan nan nan": 170
}