{
    "Binary CTAB-GAN": 37,
    "Binary CTGAN": 38,
    "Binary CWGAN-GP": 30,
    "Binary CopulaGAN": 45,
    "Binary DP-CTGAN": 11,
    "Binary GaussianCopula": 68,
    "Binary MedGAN": 22,
    "Binary PrivBayes": 23,
    "Binary SMOTE": 60,
    "Binary TVAE": 63,
    "Binary TableGAN": 43,
    "CV5GLMM CTAB-GAN": 4,
    "CV5GLMM CTGAN": 1,
    "CV5GLMM CWGAN-GP": 27,
    "CV5GLMM CopulaGAN": 58,
    "CV5GLMM DP-CTGAN": 35,
    "CV5GLMM GaussianCopula": 46,
    "CV5GLMM MedGAN": 0,
    "CV5GLMM PrivBayes": 40,
    "CV5GLMM SMOTE": 78,
    "CV5GLMM TVAE": 15,
    "CV5GLMM TableGAN": 41,
    "CV5Target CTAB-GAN": 54,
    "CV5Target CTGAN": 55,
    "CV5Target CWGAN-GP": 31,
    "CV5Target CopulaGAN": 73,
    "CV5Target DP-CTGAN": 7,
    "CV5Target GaussianCopula": 64,
    "CV5Target MedGAN": 12,
    "CV5Target PrivBayes": 19,
    "CV5Target SMOTE": 82,
    "CV5Target TVAE": 80,
    "CV5Target TableGAN": 25,
    "CatBoost CTAB-GAN": 56,
    "CatBoost CTGAN": 69,
    "CatBoost CWGAN-GP": 34,
    "CatBoost CopulaGAN": 76,
    "CatBoost DP-CTGAN": 36,
    "CatBoost GaussianCopula": 81,
    "CatBoost MedGAN": 2,
    "CatBoost PrivBayes": 3,
    "CatBoost SMOTE": 85,
    "CatBoost TVAE": 83,
    "CatBoost TableGAN": 51,
    "Count CTAB-GAN": 44,
    "Count CTGAN": 49,
    "Count CWGAN-GP": 32,
    "Count CopulaGAN": 70,
    "Count DP-CTGAN": 18,
    "Count GaussianCopula": 47,
    "Count MedGAN": 5,
    "Count PrivBayes": 6,
    "Count SMOTE": 84,
    "Count TVAE": 61,
    "Count TableGAN": 8,
    "GLMM CTAB-GAN": 48,
    "GLMM CTGAN": 53,
    "GLMM CWGAN-GP": 33,
    "GLMM CopulaGAN": 65,
    "GLMM DP-CTGAN": 9,
    "GLMM GaussianCopula": 62,
    "GLMM MedGAN": 17,
    "GLMM PrivBayes": 21,
    "GLMM SMOTE": 79,
    "GLMM TVAE": 57,
    "GLMM TableGAN": 52,
    "Target CTAB-GAN": 42,
    "Target CTGAN": 59,
    "Target CWGAN-GP": 28,
    "Target CopulaGAN": 71,
    "Target DP-CTGAN": 10,
    "Target GaussianCopula": 50,
    "Target MedGAN": 14,
    "Target PrivBayes": 20,
    "Target SMOTE": 77,
    "Target TVAE": 72,
    "Target TableGAN": 24,
    "nan CTAB-GAN": 67,
    "nan CTGAN": 66,
    "nan CWGAN-GP": 39,
    "nan CopulaGAN": 75,
    "nan DP-CTGAN": 29,
    "nan GaussianCopula": 74,
    "nan MedGAN": 13,
    "nan PrivBayes": 16,
    "nan SMOTE": 87,
    "nan TVAE": 86,
    "nan TableGAN": 26
}