{
    "Binary CTAB-GAN": 76,
    "Binary CTGAN": 40,
    "Binary CWGAN-GP": 19,
    "Binary CopulaGAN": 55,
    "Binary DP-CTGAN": 16,
    "Binary GaussianCopula": 58,
    "Binary MedGAN": 13,
    "Binary PrivBayes": 14,
    "Binary SMOTE": 79,
    "Binary TVAE": 50,
    "Binary TableGAN": 75,
    "CV5GLMM CTAB-GAN": 62,
    "CV5GLMM CTGAN": 41,
    "CV5GLMM CWGAN-GP": 20,
    "CV5GLMM CopulaGAN": 47,
    "CV5GLMM DP-CTGAN": 32,
    "CV5GLMM GaussianCopula": 48,
    "CV5GLMM MedGAN": 3,
    "CV5GLMM PrivBayes": 8,
    "CV5GLMM SMOTE": 80,
    "CV5GLMM TVAE": 71,
    "CV5GLMM TableGAN": 34,
    "CV5Target CTAB-GAN": 74,
    "CV5Target CTGAN": 42,
    "CV5Target CWGAN-GP": 25,
    "CV5Target CopulaGAN": 67,
    "CV5Target DP-CTGAN": 30,
    "CV5Target GaussianCopula": 51,
    "CV5Target MedGAN": 2,
    "CV5Target PrivBayes": 5,
    "CV5Target SMOTE": 86,
    "CV5Target TVAE": 77,
    "CV5Target TableGAN": 26,
    "CatBoost CTAB-GAN": 78,
    "CatBoost CTGAN": 43,
    "CatBoost CWGAN-GP": 21,
    "CatBoost CopulaGAN": 59,
    "CatBoost DP-CTGAN": 33,
    "CatBoost GaussianCopula": 66,
    "CatBoost MedGAN": 0,
    "CatBoost PrivBayes": 1,
    "CatBoost SMOTE": 87,
    "CatBoost TVAE": 81,
    "CatBoost TableGAN": 31,
    "Count CTAB-GAN": 64,
    "Count CTGAN": 38,
    "Count CWGAN-GP": 29,
    "Count CopulaGAN": 60,
    "Count DP-CTGAN": 45,
    "Count GaussianCopula": 63,
    "Count MedGAN": 10,
    "Count PrivBayes": 15,
    "Count SMOTE": 83,
    "Count TVAE": 61,
    "Count TableGAN": 44,
    "GLMM CTAB-GAN": 49,
    "GLMM CTGAN": 37,
    "GLMM CWGAN-GP": 23,
    "GLMM CopulaGAN": 53,
    "GLMM DP-CTGAN": 18,
    "GLMM GaussianCopula": 68,
    "GLMM MedGAN": 6,
    "GLMM PrivBayes": 11,
    "GLMM SMOTE": 82,
    "GLMM TVAE": 70,
    "GLMM TableGAN": 28,
    "Target CTAB-GAN": 57,
    "Target CTGAN": 39,
    "Target CWGAN-GP": 22,
    "Target CopulaGAN": 65,
    "Target DP-CTGAN": 27,
    "Target GaussianCopula": 56,
    "Target MedGAN": 4,
    "Target PrivBayes": 12,
    "Target SMOTE": 85,
    "Target TVAE": 73,
    "Target TableGAN": 17,
    "nan CTAB-GAN": 72,
    "nan CTGAN": 46,
    "nan CWGAN-GP": 35,
    "nan CopulaGAN": 52,
    "nan DP-CTGAN": 24,
    "nan GaussianCopula": 69,
    "nan MedGAN": 7,
    "nan PrivBayes": 9,
    "nan SMOTE": 84,
    "nan TVAE": 54,
    "nan TableGAN": 36
}