{
    "Binary CTAB-GAN": 35,
    "Binary CTGAN": 57,
    "Binary CWGAN-GP": 19,
    "Binary CopulaGAN": 53,
    "Binary DP-CTGAN": 15,
    "Binary GaussianCopula": 73,
    "Binary MedGAN": 16,
    "Binary PrivBayes": 71,
    "Binary SMOTE": 54,
    "Binary TVAE": 49,
    "Binary TableGAN": 70,
    "CV5GLMM CTAB-GAN": 58,
    "CV5GLMM CTGAN": 56,
    "CV5GLMM CWGAN-GP": 22,
    "CV5GLMM CopulaGAN": 50,
    "CV5GLMM DP-CTGAN": 26,
    "CV5GLMM GaussianCopula": 43,
    "CV5GLMM MedGAN": 4,
    "CV5GLMM PrivBayes": 14,
    "CV5GLMM SMOTE": 67,
    "CV5GLMM TVAE": 64,
    "CV5GLMM TableGAN": 13,
    "CV5Target CTAB-GAN": 51,
    "CV5Target CTGAN": 48,
    "CV5Target CWGAN-GP": 20,
    "CV5Target CopulaGAN": 55,
    "CV5Target DP-CTGAN": 27,
    "CV5Target GaussianCopula": 33,
    "CV5Target MedGAN": 2,
    "CV5Target PrivBayes": 9,
    "CV5Target SMOTE": 66,
    "CV5Target TVAE": 61,
    "CV5Target TableGAN": 12,
    "CatBoost CTAB-GAN": 65,
    "CatBoost CTGAN": 69,
    "CatBoost CWGAN-GP": 25,
    "CatBoost CopulaGAN": 74,
    "CatBoost DP-CTGAN": 28,
    "CatBoost GaussianCopula": 68,
    "CatBoost MedGAN": 0,
    "CatBoost PrivBayes": 1,
    "CatBoost SMOTE": 76,
    "CatBoost TVAE": 75,
    "CatBoost TableGAN": 7,
    "Count CTAB-GAN": 45,
    "Count CTGAN": 32,
    "Count CWGAN-GP": 17,
    "Count CopulaGAN": 44,
    "Count DP-CTGAN": 23,
    "Count GaussianCopula": 29,
    "Count MedGAN": 5,
    "Count PrivBayes": 3,
    "Count SMOTE": 63,
    "Count TVAE": 52,
    "Count TableGAN": 6,
    "GLMM CTAB-GAN": 37,
    "GLMM CTGAN": 38,
    "GLMM CWGAN-GP": 21,
    "GLMM CopulaGAN": 34,
    "GLMM DP-CTGAN": 24,
    "GLMM GaussianCopula": 31,
    "GLMM MedGAN": 39,
    "GLMM PrivBayes": 40,
    "GLMM SMOTE": 62,
    "GLMM TVAE": 41,
    "GLMM TableGAN": 46,
    "Target CTAB-GAN": 59,
    "Target CTGAN": 42,
    "Target CWGAN-GP": 18,
    "Target CopulaGAN": 36,
    "Target DP-CTGAN": 47,
    "Target GaussianCopula": 30,
    "Target MedGAN": 8,
    "Target PrivBayes": 10,
    "Target SMOTE": 72,
    "Target TVAE": 60,
    "Target TableGAN": 11,
    "nan CTAB-GAN": 77,
    "nan CTGAN": 78,
    "nan CWGAN-GP": 79,
    "nan CopulaGAN": 80,
    "nan DP-CTGAN": 81,
    "nan GaussianCopula": 82,
    "nan MedGAN": 83,
    "nan PrivBayes": 84,
    "nan SMOTE": 85,
    "nan TVAE": 86,
    "nan TableGAN": 87
}