{
    "Binary CTAB-GAN": 45,
    "Binary CTGAN": 30,
    "Binary CWGAN-GP": 31,
    "Binary CopulaGAN": 32,
    "Binary DP-CTGAN": 14,
    "Binary GaussianCopula": 74,
    "Binary MedGAN": 7,
    "Binary PrivBayes": 13,
    "Binary SMOTE": 69,
    "Binary TVAE": 81,
    "Binary TableGAN": 29,
    "CV5GLMM CTAB-GAN": 65,
    "CV5GLMM CTGAN": 49,
    "CV5GLMM CWGAN-GP": 18,
    "CV5GLMM CopulaGAN": 46,
    "CV5GLMM DP-CTGAN": 22,
    "CV5GLMM GaussianCopula": 70,
    "CV5GLMM MedGAN": 3,
    "CV5GLMM PrivBayes": 11,
    "CV5GLMM SMOTE": 75,
    "CV5GLMM TVAE": 79,
    "CV5GLMM TableGAN": 52,
    "CV5Target CTAB-GAN": 47,
    "CV5Target CTGAN": 51,
    "CV5Target CWGAN-GP": 53,
    "CV5Target CopulaGAN": 42,
    "CV5Target DP-CTGAN": 23,
    "CV5Target GaussianCopula": 68,
    "CV5Target MedGAN": 2,
    "CV5Target PrivBayes": 9,
    "CV5Target SMOTE": 76,
    "CV5Target TVAE": 80,
    "CV5Target TableGAN": 28,
    "CatBoost CTAB-GAN": 61,
    "CatBoost CTGAN": 62,
    "CatBoost CWGAN-GP": 54,
    "CatBoost CopulaGAN": 55,
    "CatBoost DP-CTGAN": 25,
    "CatBoost GaussianCopula": 71,
    "CatBoost MedGAN": 0,
    "CatBoost PrivBayes": 1,
    "CatBoost SMOTE": 84,
    "CatBoost TVAE": 87,
    "CatBoost TableGAN": 56,
    "Count CTAB-GAN": 40,
    "Count CTGAN": 33,
    "Count CWGAN-GP": 19,
    "Count CopulaGAN": 43,
    "Count DP-CTGAN": 16,
    "Count GaussianCopula": 67,
    "Count MedGAN": 6,
    "Count PrivBayes": 12,
    "Count SMOTE": 78,
    "Count TVAE": 82,
    "Count TableGAN": 15,
    "GLMM CTAB-GAN": 37,
    "GLMM CTGAN": 34,
    "GLMM CWGAN-GP": 20,
    "GLMM CopulaGAN": 48,
    "GLMM DP-CTGAN": 17,
    "GLMM GaussianCopula": 63,
    "GLMM MedGAN": 35,
    "GLMM PrivBayes": 36,
    "GLMM SMOTE": 72,
    "GLMM TVAE": 57,
    "GLMM TableGAN": 58,
    "Target CTAB-GAN": 44,
    "Target CTGAN": 41,
    "Target CWGAN-GP": 24,
    "Target CopulaGAN": 38,
    "Target DP-CTGAN": 39,
    "Target GaussianCopula": 50,
    "Target MedGAN": 4,
    "Target PrivBayes": 10,
    "Target SMOTE": 73,
    "Target TVAE": 83,
    "Target TableGAN": 59,
    "nan CTAB-GAN": 66,
    "nan CTGAN": 64,
    "nan CWGAN-GP": 26,
    "nan CopulaGAN": 60,
    "nan DP-CTGAN": 21,
    "nan GaussianCopula": 77,
    "nan MedGAN": 5,
    "nan PrivBayes": 8,
    "nan SMOTE": 85,
    "nan TVAE": 86,
    "nan TableGAN": 27
}