{
    "Binary CTAB-GAN": 48,
    "Binary CTGAN": 42,
    "Binary CopulaGAN": 40,
    "Binary DP-CTGAN": 66,
    "Binary GaussianCopula": 10,
    "Binary MedGAN": 78,
    "Binary PrivBayes": 39,
    "Binary TVAE": 38,
    "Binary TableGAN": 6,
    "Binary WGAN-GP": 65,
    "CV5GLMM CTAB-GAN": 21,
    "CV5GLMM CTGAN": 36,
    "CV5GLMM CopulaGAN": 18,
    "CV5GLMM DP-CTGAN": 44,
    "CV5GLMM GaussianCopula": 34,
    "CV5GLMM MedGAN": 74,
    "CV5GLMM PrivBayes": 61,
    "CV5GLMM TVAE": 0,
    "CV5GLMM TableGAN": 75,
    "CV5GLMM WGAN-GP": 58,
    "CV5Target CTAB-GAN": 26,
    "CV5Target CTGAN": 28,
    "CV5Target CopulaGAN": 25,
    "CV5Target DP-CTGAN": 43,
    "CV5Target GaussianCopula": 27,
    "CV5Target MedGAN": 67,
    "CV5Target PrivBayes": 41,
    "CV5Target TVAE": 2,
    "CV5Target TableGAN": 73,
    "CV5Target WGAN-GP": 60,
    "CatBoost CTAB-GAN": 33,
    "CatBoost CTGAN": 30,
    "CatBoost CopulaGAN": 22,
    "CatBoost DP-CTGAN": 45,
    "CatBoost GaussianCopula": 29,
    "CatBoost MedGAN": 72,
    "CatBoost PrivBayes": 52,
    "CatBoost TVAE": 3,
    "CatBoost TableGAN": 79,
    "CatBoost WGAN-GP": 57,
    "Count CTAB-GAN": 23,
    "Count CTGAN": 8,
    "Count CopulaGAN": 4,
    "Count DP-CTGAN": 49,
    "Count GaussianCopula": 17,
    "Count MedGAN": 70,
    "Count PrivBayes": 62,
    "Count TVAE": 7,
    "Count TableGAN": 69,
    "Count WGAN-GP": 54,
    "GLMM CTAB-GAN": 35,
    "GLMM CTGAN": 31,
    "GLMM CopulaGAN": 11,
    "GLMM DP-CTGAN": 46,
    "GLMM GaussianCopula": 24,
    "GLMM MedGAN": 77,
    "GLMM PrivBayes": 55,
    "GLMM TVAE": 20,
    "GLMM TableGAN": 76,
    "GLMM WGAN-GP": 56,
    "Target CTAB-GAN": 32,
    "Target CTGAN": 9,
    "Target CopulaGAN": 5,
    "Target DP-CTGAN": 50,
    "Target GaussianCopula": 19,
    "Target MedGAN": 64,
    "Target PrivBayes": 47,
    "Target TVAE": 12,
    "Target TableGAN": 71,
    "Target WGAN-GP": 59,
    "nan CTAB-GAN": 15,
    "nan CTGAN": 13,
    "nan CopulaGAN": 14,
    "nan DP-CTGAN": 51,
    "nan GaussianCopula": 16,
    "nan MedGAN": 63,
    "nan PrivBayes": 37,
    "nan TVAE": 1,
    "nan TableGAN": 68,
    "nan WGAN-GP": 53
}