{
    "Binary CTAB-GAN": 38,
    "Binary CTGAN": 1,
    "Binary CopulaGAN": 36,
    "Binary DP-CTGAN": 62,
    "Binary GaussianCopula": 16,
    "Binary MedGAN": 79,
    "Binary PrivBayes": 26,
    "Binary TVAE": 0,
    "Binary TableGAN": 63,
    "Binary WGAN-GP": 61,
    "CV5GLMM CTAB-GAN": 40,
    "CV5GLMM CTGAN": 17,
    "CV5GLMM CopulaGAN": 23,
    "CV5GLMM DP-CTGAN": 52,
    "CV5GLMM GaussianCopula": 21,
    "CV5GLMM MedGAN": 71,
    "CV5GLMM PrivBayes": 66,
    "CV5GLMM TVAE": 5,
    "CV5GLMM TableGAN": 59,
    "CV5GLMM WGAN-GP": 42,
    "CV5Target CTAB-GAN": 30,
    "CV5Target CTGAN": 18,
    "CV5Target CopulaGAN": 11,
    "CV5Target DP-CTGAN": 50,
    "CV5Target GaussianCopula": 12,
    "CV5Target MedGAN": 76,
    "CV5Target PrivBayes": 64,
    "CV5Target TVAE": 27,
    "CV5Target TableGAN": 65,
    "CV5Target WGAN-GP": 44,
    "CatBoost CTAB-GAN": 39,
    "CatBoost CTGAN": 34,
    "CatBoost CopulaGAN": 31,
    "CatBoost DP-CTGAN": 54,
    "CatBoost GaussianCopula": 35,
    "CatBoost MedGAN": 73,
    "CatBoost PrivBayes": 53,
    "CatBoost TVAE": 32,
    "CatBoost TableGAN": 60,
    "CatBoost WGAN-GP": 45,
    "Count CTAB-GAN": 29,
    "Count CTGAN": 6,
    "Count CopulaGAN": 3,
    "Count DP-CTGAN": 56,
    "Count GaussianCopula": 13,
    "Count MedGAN": 77,
    "Count PrivBayes": 74,
    "Count TVAE": 7,
    "Count TableGAN": 48,
    "Count WGAN-GP": 41,
    "GLMM CTAB-GAN": 22,
    "GLMM CTGAN": 8,
    "GLMM CopulaGAN": 15,
    "GLMM DP-CTGAN": 55,
    "GLMM GaussianCopula": 28,
    "GLMM MedGAN": 75,
    "GLMM PrivBayes": 69,
    "GLMM TVAE": 19,
    "GLMM TableGAN": 57,
    "GLMM WGAN-GP": 43,
    "Target CTAB-GAN": 24,
    "Target CTGAN": 9,
    "Target CopulaGAN": 2,
    "Target DP-CTGAN": 51,
    "Target GaussianCopula": 33,
    "Target MedGAN": 78,
    "Target PrivBayes": 70,
    "Target TVAE": 20,
    "Target TableGAN": 67,
    "Target WGAN-GP": 49,
    "nan CTAB-GAN": 37,
    "nan CTGAN": 14,
    "nan CopulaGAN": 4,
    "nan DP-CTGAN": 46,
    "nan GaussianCopula": 25,
    "nan MedGAN": 58,
    "nan PrivBayes": 72,
    "nan TVAE": 10,
    "nan TableGAN": 68,
    "nan WGAN-GP": 47
}