{
    "Binary CTAB-GAN": 36,
    "Binary CTGAN": 52,
    "Binary CopulaGAN": 13,
    "Binary DP-CTGAN": 67,
    "Binary GaussianCopula": 6,
    "Binary MedGAN": 60,
    "Binary PrivBayes": 21,
    "Binary TVAE": 50,
    "Binary TableGAN": 79,
    "Binary WGAN-GP": 43,
    "CV5GLMM CTAB-GAN": 38,
    "CV5GLMM CTGAN": 45,
    "CV5GLMM CopulaGAN": 12,
    "CV5GLMM DP-CTGAN": 68,
    "CV5GLMM GaussianCopula": 1,
    "CV5GLMM MedGAN": 72,
    "CV5GLMM PrivBayes": 53,
    "CV5GLMM TVAE": 25,
    "CV5GLMM TableGAN": 73,
    "CV5GLMM WGAN-GP": 44,
    "CV5Target CTAB-GAN": 11,
    "CV5Target CTGAN": 49,
    "CV5Target CopulaGAN": 7,
    "CV5Target DP-CTGAN": 66,
    "CV5Target GaussianCopula": 3,
    "CV5Target MedGAN": 78,
    "CV5Target PrivBayes": 51,
    "CV5Target TVAE": 16,
    "CV5Target TableGAN": 74,
    "CV5Target WGAN-GP": 31,
    "CatBoost CTAB-GAN": 8,
    "CatBoost CTGAN": 40,
    "CatBoost CopulaGAN": 19,
    "CatBoost DP-CTGAN": 62,
    "CatBoost GaussianCopula": 4,
    "CatBoost MedGAN": 69,
    "CatBoost PrivBayes": 54,
    "CatBoost TVAE": 9,
    "CatBoost TableGAN": 63,
    "CatBoost WGAN-GP": 32,
    "Count CTAB-GAN": 27,
    "Count CTGAN": 46,
    "Count CopulaGAN": 15,
    "Count DP-CTGAN": 65,
    "Count GaussianCopula": 14,
    "Count MedGAN": 75,
    "Count PrivBayes": 24,
    "Count TVAE": 35,
    "Count TableGAN": 76,
    "Count WGAN-GP": 39,
    "GLMM CTAB-GAN": 33,
    "GLMM CTGAN": 48,
    "GLMM CopulaGAN": 22,
    "GLMM DP-CTGAN": 59,
    "GLMM GaussianCopula": 10,
    "GLMM MedGAN": 64,
    "GLMM PrivBayes": 23,
    "GLMM TVAE": 34,
    "GLMM TableGAN": 55,
    "GLMM WGAN-GP": 41,
    "Target CTAB-GAN": 29,
    "Target CTGAN": 47,
    "Target CopulaGAN": 30,
    "Target DP-CTGAN": 58,
    "Target GaussianCopula": 28,
    "Target MedGAN": 70,
    "Target PrivBayes": 20,
    "Target TVAE": 37,
    "Target TableGAN": 77,
    "Target WGAN-GP": 42,
    "nan CTAB-GAN": 5,
    "nan CTGAN": 17,
    "nan CopulaGAN": 18,
    "nan DP-CTGAN": 61,
    "nan GaussianCopula": 2,
    "nan MedGAN": 57,
    "nan PrivBayes": 26,
    "nan TVAE": 0,
    "nan TableGAN": 71,
    "nan WGAN-GP": 56
}