{
    "Binary CTAB-GAN": 40,
    "Binary CTGAN": 17,
    "Binary CopulaGAN": 14,
    "Binary DP-CTGAN": 56,
    "Binary GaussianCopula": 15,
    "Binary MedGAN": 78,
    "Binary PrivBayes": 39,
    "Binary TVAE": 38,
    "Binary TableGAN": 54,
    "Binary WGAN-GP": 53,
    "CV5GLMM CTAB-GAN": 36,
    "CV5GLMM CTGAN": 30,
    "CV5GLMM CopulaGAN": 18,
    "CV5GLMM DP-CTGAN": 51,
    "CV5GLMM GaussianCopula": 24,
    "CV5GLMM MedGAN": 76,
    "CV5GLMM PrivBayes": 71,
    "CV5GLMM TVAE": 4,
    "CV5GLMM TableGAN": 77,
    "CV5GLMM WGAN-GP": 46,
    "CV5Target CTAB-GAN": 31,
    "CV5Target CTGAN": 29,
    "CV5Target CopulaGAN": 32,
    "CV5Target DP-CTGAN": 47,
    "CV5Target GaussianCopula": 33,
    "CV5Target MedGAN": 75,
    "CV5Target PrivBayes": 64,
    "CV5Target TVAE": 10,
    "CV5Target TableGAN": 79,
    "CV5Target WGAN-GP": 43,
    "CatBoost CTAB-GAN": 37,
    "CatBoost CTGAN": 35,
    "CatBoost CopulaGAN": 34,
    "CatBoost DP-CTGAN": 48,
    "CatBoost GaussianCopula": 11,
    "CatBoost MedGAN": 67,
    "CatBoost PrivBayes": 59,
    "CatBoost TVAE": 2,
    "CatBoost TableGAN": 74,
    "CatBoost WGAN-GP": 44,
    "Count CTAB-GAN": 25,
    "Count CTGAN": 7,
    "Count CopulaGAN": 3,
    "Count DP-CTGAN": 50,
    "Count GaussianCopula": 26,
    "Count MedGAN": 72,
    "Count PrivBayes": 69,
    "Count TVAE": 1,
    "Count TableGAN": 57,
    "Count WGAN-GP": 42,
    "GLMM CTAB-GAN": 27,
    "GLMM CTGAN": 28,
    "GLMM CopulaGAN": 6,
    "GLMM DP-CTGAN": 52,
    "GLMM GaussianCopula": 16,
    "GLMM MedGAN": 63,
    "GLMM PrivBayes": 65,
    "GLMM TVAE": 12,
    "GLMM TableGAN": 68,
    "GLMM WGAN-GP": 45,
    "Target CTAB-GAN": 22,
    "Target CTGAN": 9,
    "Target CopulaGAN": 13,
    "Target DP-CTGAN": 49,
    "Target GaussianCopula": 23,
    "Target MedGAN": 73,
    "Target PrivBayes": 58,
    "Target TVAE": 19,
    "Target TableGAN": 70,
    "Target WGAN-GP": 41,
    "nan CTAB-GAN": 5,
    "nan CTGAN": 20,
    "nan CopulaGAN": 8,
    "nan DP-CTGAN": 61,
    "nan GaussianCopula": 21,
    "nan MedGAN": 66,
    "nan PrivBayes": 62,
    "nan TVAE": 0,
    "nan TableGAN": 55,
    "nan WGAN-GP": 60
}