{
    "Binary CTAB-GAN": 60,
    "Binary CTGAN": 53,
    "Binary CopulaGAN": 54,
    "Binary DP-CTGAN": 70,
    "Binary GaussianCopula": 37,
    "Binary MedGAN": 78,
    "Binary PrivBayes": 56,
    "Binary TVAE": 62,
    "Binary TableGAN": 50,
    "Binary WGAN-GP": 71,
    "CV5GLMM CTAB-GAN": 24,
    "CV5GLMM CTGAN": 21,
    "CV5GLMM CopulaGAN": 17,
    "CV5GLMM DP-CTGAN": 48,
    "CV5GLMM GaussianCopula": 25,
    "CV5GLMM MedGAN": 69,
    "CV5GLMM PrivBayes": 64,
    "CV5GLMM TVAE": 5,
    "CV5GLMM TableGAN": 72,
    "CV5GLMM WGAN-GP": 39,
    "CV5Target CTAB-GAN": 29,
    "CV5Target CTGAN": 30,
    "CV5Target CopulaGAN": 27,
    "CV5Target DP-CTGAN": 43,
    "CV5Target GaussianCopula": 28,
    "CV5Target MedGAN": 61,
    "CV5Target PrivBayes": 65,
    "CV5Target TVAE": 7,
    "CV5Target TableGAN": 66,
    "CV5Target WGAN-GP": 41,
    "CatBoost CTAB-GAN": 46,
    "CatBoost CTGAN": 33,
    "CatBoost CopulaGAN": 32,
    "CatBoost DP-CTGAN": 42,
    "CatBoost GaussianCopula": 31,
    "CatBoost MedGAN": 57,
    "CatBoost PrivBayes": 52,
    "CatBoost TVAE": 18,
    "CatBoost TableGAN": 55,
    "CatBoost WGAN-GP": 51,
    "Count CTAB-GAN": 11,
    "Count CTGAN": 6,
    "Count CopulaGAN": 1,
    "Count DP-CTGAN": 58,
    "Count GaussianCopula": 23,
    "Count MedGAN": 74,
    "Count PrivBayes": 73,
    "Count TVAE": 34,
    "Count TableGAN": 59,
    "Count WGAN-GP": 49,
    "GLMM CTAB-GAN": 35,
    "GLMM CTGAN": 9,
    "GLMM CopulaGAN": 0,
    "GLMM DP-CTGAN": 40,
    "GLMM GaussianCopula": 10,
    "GLMM MedGAN": 75,
    "GLMM PrivBayes": 67,
    "GLMM TVAE": 26,
    "GLMM TableGAN": 79,
    "GLMM WGAN-GP": 44,
    "Target CTAB-GAN": 8,
    "Target CTGAN": 4,
    "Target CopulaGAN": 3,
    "Target DP-CTGAN": 45,
    "Target GaussianCopula": 20,
    "Target MedGAN": 76,
    "Target PrivBayes": 68,
    "Target TVAE": 36,
    "Target TableGAN": 77,
    "Target WGAN-GP": 47,
    "nan CTAB-GAN": 38,
    "nan CTGAN": 12,
    "nan CopulaGAN": 13,
    "nan DP-CTGAN": 16,
    "nan GaussianCopula": 15,
    "nan MedGAN": 14,
    "nan PrivBayes": 19,
    "nan TVAE": 2,
    "nan TableGAN": 63,
    "nan WGAN-GP": 22
}