{
    "Binary CTAB-GAN": 42,
    "Binary CTGAN": 43,
    "Binary CWGAN-GP": 21,
    "Binary CopulaGAN": 60,
    "Binary DP-CTGAN": 19,
    "Binary GaussianCopula": 65,
    "Binary MedGAN": 14,
    "Binary PrivBayes": 38,
    "Binary SMOTE": 81,
    "Binary TVAE": 71,
    "Binary TableGAN": 75,
    "CV5GLMM CTAB-GAN": 39,
    "CV5GLMM CTGAN": 47,
    "CV5GLMM CWGAN-GP": 28,
    "CV5GLMM CopulaGAN": 64,
    "CV5GLMM DP-CTGAN": 33,
    "CV5GLMM GaussianCopula": 59,
    "CV5GLMM MedGAN": 3,
    "CV5GLMM PrivBayes": 13,
    "CV5GLMM SMOTE": 77,
    "CV5GLMM TVAE": 76,
    "CV5GLMM TableGAN": 30,
    "CV5Target CTAB-GAN": 46,
    "CV5Target CTGAN": 52,
    "CV5Target CWGAN-GP": 31,
    "CV5Target CopulaGAN": 72,
    "CV5Target DP-CTGAN": 32,
    "CV5Target GaussianCopula": 44,
    "CV5Target MedGAN": 2,
    "CV5Target PrivBayes": 5,
    "CV5Target SMOTE": 74,
    "CV5Target TVAE": 80,
    "CV5Target TableGAN": 11,
    "CatBoost CTAB-GAN": 51,
    "CatBoost CTGAN": 57,
    "CatBoost CWGAN-GP": 35,
    "CatBoost CopulaGAN": 70,
    "CatBoost DP-CTGAN": 36,
    "CatBoost GaussianCopula": 69,
    "CatBoost MedGAN": 0,
    "CatBoost PrivBayes": 1,
    "CatBoost SMOTE": 84,
    "CatBoost TVAE": 87,
    "CatBoost TableGAN": 17,
    "Count CTAB-GAN": 45,
    "Count CTGAN": 48,
    "Count CWGAN-GP": 29,
    "Count CopulaGAN": 68,
    "Count DP-CTGAN": 26,
    "Count GaussianCopula": 61,
    "Count MedGAN": 12,
    "Count PrivBayes": 15,
    "Count SMOTE": 85,
    "Count TVAE": 79,
    "Count TableGAN": 16,
    "GLMM CTAB-GAN": 41,
    "GLMM CTGAN": 53,
    "GLMM CWGAN-GP": 27,
    "GLMM CopulaGAN": 67,
    "GLMM DP-CTGAN": 22,
    "GLMM GaussianCopula": 50,
    "GLMM MedGAN": 6,
    "GLMM PrivBayes": 18,
    "GLMM SMOTE": 73,
    "GLMM TVAE": 63,
    "GLMM TableGAN": 23,
    "Target CTAB-GAN": 49,
    "Target CTGAN": 55,
    "Target CWGAN-GP": 25,
    "Target CopulaGAN": 66,
    "Target DP-CTGAN": 24,
    "Target GaussianCopula": 56,
    "Target MedGAN": 4,
    "Target PrivBayes": 8,
    "Target SMOTE": 54,
    "Target TVAE": 58,
    "Target TableGAN": 9,
    "nan CTAB-GAN": 62,
    "nan CTGAN": 40,
    "nan CWGAN-GP": 37,
    "nan CopulaGAN": 78,
    "nan DP-CTGAN": 34,
    "nan GaussianCopula": 82,
    "nan MedGAN": 7,
    "nan PrivBayes": 20,
    "nan SMOTE": 86,
    "nan TVAE": 83,
    "nan TableGAN": 10
}