{
    "Binary CTAB-GAN": 30,
    "Binary CTGAN": 9,
    "Binary CWGAN-GP": 77,
    "Binary CopulaGAN": 6,
    "Binary DP-CTGAN": 79,
    "Binary GaussianCopula": 12,
    "Binary MedGAN": 80,
    "Binary PrivBayes": 4,
    "Binary SMOTE": 8,
    "Binary TVAE": 42,
    "Binary TableGAN": 1,
    "CV5GLMM CTAB-GAN": 38,
    "CV5GLMM CTGAN": 50,
    "CV5GLMM CWGAN-GP": 66,
    "CV5GLMM CopulaGAN": 34,
    "CV5GLMM DP-CTGAN": 53,
    "CV5GLMM GaussianCopula": 40,
    "CV5GLMM MedGAN": 74,
    "CV5GLMM PrivBayes": 67,
    "CV5GLMM SMOTE": 7,
    "CV5GLMM TVAE": 20,
    "CV5GLMM TableGAN": 75,
    "CV5Target CTAB-GAN": 33,
    "CV5Target CTGAN": 56,
    "CV5Target CWGAN-GP": 70,
    "CV5Target CopulaGAN": 32,
    "CV5Target DP-CTGAN": 51,
    "CV5Target GaussianCopula": 43,
    "CV5Target MedGAN": 78,
    "CV5Target PrivBayes": 68,
    "CV5Target SMOTE": 5,
    "CV5Target TVAE": 21,
    "CV5Target TableGAN": 62,
    "CatBoost CTAB-GAN": 52,
    "CatBoost CTGAN": 61,
    "CatBoost CWGAN-GP": 65,
    "CatBoost CopulaGAN": 49,
    "CatBoost DP-CTGAN": 57,
    "CatBoost GaussianCopula": 47,
    "CatBoost MedGAN": 59,
    "CatBoost PrivBayes": 58,
    "CatBoost SMOTE": 18,
    "CatBoost TVAE": 41,
    "CatBoost TableGAN": 60,
    "Count CTAB-GAN": 22,
    "Count CTGAN": 45,
    "Count CWGAN-GP": 72,
    "Count CopulaGAN": 26,
    "Count DP-CTGAN": 63,
    "Count GaussianCopula": 39,
    "Count MedGAN": 81,
    "Count PrivBayes": 82,
    "Count SMOTE": 11,
    "Count TVAE": 36,
    "Count TableGAN": 64,
    "GLMM CTAB-GAN": 23,
    "GLMM CTGAN": 46,
    "GLMM CWGAN-GP": 69,
    "GLMM CopulaGAN": 27,
    "GLMM DP-CTGAN": 54,
    "GLMM GaussianCopula": 35,
    "GLMM MedGAN": 76,
    "GLMM PrivBayes": 83,
    "GLMM SMOTE": 14,
    "GLMM TVAE": 31,
    "GLMM TableGAN": 84,
    "Target CTAB-GAN": 13,
    "Target CTGAN": 44,
    "Target CWGAN-GP": 71,
    "Target CopulaGAN": 25,
    "Target DP-CTGAN": 55,
    "Target GaussianCopula": 37,
    "Target MedGAN": 85,
    "Target PrivBayes": 86,
    "Target SMOTE": 15,
    "Target TVAE": 48,
    "Target TableGAN": 87,
    "nan CTAB-GAN": 28,
    "nan CTGAN": 24,
    "nan CWGAN-GP": 0,
    "nan CopulaGAN": 19,
    "nan DP-CTGAN": 17,
    "nan GaussianCopula": 10,
    "nan MedGAN": 29,
    "nan PrivBayes": 2,
    "nan SMOTE": 16,
    "nan TVAE": 3,
    "nan TableGAN": 73
}