{
    "Binary CTAB-GAN": 46,
    "Binary CTGAN": 52,
    "Binary CWGAN-GP": 82,
    "Binary CopulaGAN": 48,
    "Binary DP-CTGAN": 66,
    "Binary GaussianCopula": 25,
    "Binary MedGAN": 87,
    "Binary PrivBayes": 50,
    "Binary SMOTE": 0,
    "Binary TVAE": 20,
    "Binary TableGAN": 15,
    "CV5GLMM CTAB-GAN": 31,
    "CV5GLMM CTGAN": 45,
    "CV5GLMM CWGAN-GP": 84,
    "CV5GLMM CopulaGAN": 26,
    "CV5GLMM DP-CTGAN": 55,
    "CV5GLMM GaussianCopula": 38,
    "CV5GLMM MedGAN": 70,
    "CV5GLMM PrivBayes": 65,
    "CV5GLMM SMOTE": 2,
    "CV5GLMM TVAE": 12,
    "CV5GLMM TableGAN": 72,
    "CV5Target CTAB-GAN": 29,
    "CV5Target CTGAN": 40,
    "CV5Target CWGAN-GP": 69,
    "CV5Target CopulaGAN": 23,
    "CV5Target DP-CTGAN": 56,
    "CV5Target GaussianCopula": 43,
    "CV5Target MedGAN": 75,
    "CV5Target PrivBayes": 62,
    "CV5Target SMOTE": 4,
    "CV5Target TVAE": 18,
    "CV5Target TableGAN": 77,
    "CatBoost CTAB-GAN": 41,
    "CatBoost CTGAN": 49,
    "CatBoost CWGAN-GP": 73,
    "CatBoost CopulaGAN": 35,
    "CatBoost DP-CTGAN": 54,
    "CatBoost GaussianCopula": 42,
    "CatBoost MedGAN": 63,
    "CatBoost PrivBayes": 51,
    "CatBoost SMOTE": 5,
    "CatBoost TVAE": 19,
    "CatBoost TableGAN": 67,
    "Count CTAB-GAN": 36,
    "Count CTGAN": 34,
    "Count CWGAN-GP": 74,
    "Count CopulaGAN": 13,
    "Count DP-CTGAN": 57,
    "Count GaussianCopula": 44,
    "Count MedGAN": 85,
    "Count PrivBayes": 83,
    "Count SMOTE": 1,
    "Count TVAE": 9,
    "Count TableGAN": 64,
    "GLMM CTAB-GAN": 22,
    "GLMM CTGAN": 33,
    "GLMM CWGAN-GP": 81,
    "GLMM CopulaGAN": 14,
    "GLMM DP-CTGAN": 58,
    "GLMM GaussianCopula": 37,
    "GLMM MedGAN": 79,
    "GLMM PrivBayes": 68,
    "GLMM SMOTE": 3,
    "GLMM TVAE": 10,
    "GLMM TableGAN": 80,
    "Target CTAB-GAN": 28,
    "Target CTGAN": 39,
    "Target CWGAN-GP": 76,
    "Target CopulaGAN": 16,
    "Target DP-CTGAN": 59,
    "Target GaussianCopula": 47,
    "Target MedGAN": 78,
    "Target PrivBayes": 71,
    "Target SMOTE": 6,
    "Target TVAE": 11,
    "Target TableGAN": 86,
    "nan CTAB-GAN": 30,
    "nan CTGAN": 17,
    "nan CWGAN-GP": 60,
    "nan CopulaGAN": 21,
    "nan DP-CTGAN": 61,
    "nan GaussianCopula": 27,
    "nan MedGAN": 53,
    "nan PrivBayes": 24,
    "nan SMOTE": 7,
    "nan TVAE": 8,
    "nan TableGAN": 32
}