{
    "Binary CTAB-GAN": 46,
    "Binary CTGAN": 51,
    "Binary CWGAN-GP": 77,
    "Binary CopulaGAN": 47,
    "Binary DP-CTGAN": 79,
    "Binary GaussianCopula": 36,
    "Binary MedGAN": 80,
    "Binary PrivBayes": 52,
    "Binary SMOTE": 6,
    "Binary TVAE": 39,
    "Binary TableGAN": 24,
    "CV5GLMM CTAB-GAN": 33,
    "CV5GLMM CTGAN": 40,
    "CV5GLMM CWGAN-GP": 73,
    "CV5GLMM CopulaGAN": 28,
    "CV5GLMM DP-CTGAN": 56,
    "CV5GLMM GaussianCopula": 44,
    "CV5GLMM MedGAN": 67,
    "CV5GLMM PrivBayes": 71,
    "CV5GLMM SMOTE": 1,
    "CV5GLMM TVAE": 15,
    "CV5GLMM TableGAN": 68,
    "CV5Target CTAB-GAN": 31,
    "CV5Target CTGAN": 30,
    "CV5Target CWGAN-GP": 74,
    "CV5Target CopulaGAN": 20,
    "CV5Target DP-CTGAN": 63,
    "CV5Target GaussianCopula": 45,
    "CV5Target MedGAN": 81,
    "CV5Target PrivBayes": 72,
    "CV5Target SMOTE": 2,
    "CV5Target TVAE": 13,
    "CV5Target TableGAN": 50,
    "CatBoost CTAB-GAN": 48,
    "CatBoost CTGAN": 49,
    "CatBoost CWGAN-GP": 69,
    "CatBoost CopulaGAN": 34,
    "CatBoost DP-CTGAN": 60,
    "CatBoost GaussianCopula": 53,
    "CatBoost MedGAN": 64,
    "CatBoost PrivBayes": 55,
    "CatBoost SMOTE": 8,
    "CatBoost TVAE": 22,
    "CatBoost TableGAN": 65,
    "Count CTAB-GAN": 32,
    "Count CTGAN": 21,
    "Count CWGAN-GP": 70,
    "Count CopulaGAN": 16,
    "Count DP-CTGAN": 58,
    "Count GaussianCopula": 41,
    "Count MedGAN": 82,
    "Count PrivBayes": 83,
    "Count SMOTE": 3,
    "Count TVAE": 37,
    "Count TableGAN": 61,
    "GLMM CTAB-GAN": 7,
    "GLMM CTGAN": 17,
    "GLMM CWGAN-GP": 75,
    "GLMM CopulaGAN": 10,
    "GLMM DP-CTGAN": 57,
    "GLMM GaussianCopula": 35,
    "GLMM MedGAN": 54,
    "GLMM PrivBayes": 84,
    "GLMM SMOTE": 5,
    "GLMM TVAE": 12,
    "GLMM TableGAN": 78,
    "Target CTAB-GAN": 9,
    "Target CTGAN": 19,
    "Target CWGAN-GP": 76,
    "Target CopulaGAN": 11,
    "Target DP-CTGAN": 62,
    "Target GaussianCopula": 38,
    "Target MedGAN": 85,
    "Target PrivBayes": 86,
    "Target SMOTE": 4,
    "Target TVAE": 18,
    "Target TableGAN": 87,
    "nan CTAB-GAN": 26,
    "nan CTGAN": 29,
    "nan CWGAN-GP": 42,
    "nan CopulaGAN": 23,
    "nan DP-CTGAN": 43,
    "nan GaussianCopula": 25,
    "nan MedGAN": 27,
    "nan PrivBayes": 59,
    "nan SMOTE": 14,
    "nan TVAE": 0,
    "nan TableGAN": 66
}