{
    "Binary CTAB-GAN": 35,
    "Binary CTGAN": 27,
    "Binary CWGAN-GP": 83,
    "Binary CopulaGAN": 37,
    "Binary DP-CTGAN": 60,
    "Binary GaussianCopula": 38,
    "Binary MedGAN": 86,
    "Binary PrivBayes": 20,
    "Binary SMOTE": 1,
    "Binary TVAE": 12,
    "Binary TableGAN": 49,
    "CV5GLMM CTAB-GAN": 41,
    "CV5GLMM CTGAN": 47,
    "CV5GLMM CWGAN-GP": 84,
    "CV5GLMM CopulaGAN": 28,
    "CV5GLMM DP-CTGAN": 50,
    "CV5GLMM GaussianCopula": 42,
    "CV5GLMM MedGAN": 68,
    "CV5GLMM PrivBayes": 61,
    "CV5GLMM SMOTE": 2,
    "CV5GLMM TVAE": 14,
    "CV5GLMM TableGAN": 79,
    "CV5Target CTAB-GAN": 39,
    "CV5Target CTGAN": 45,
    "CV5Target CWGAN-GP": 76,
    "CV5Target CopulaGAN": 32,
    "CV5Target DP-CTGAN": 51,
    "CV5Target GaussianCopula": 34,
    "CV5Target MedGAN": 80,
    "CV5Target PrivBayes": 63,
    "CV5Target SMOTE": 3,
    "CV5Target TVAE": 13,
    "CV5Target TableGAN": 67,
    "CatBoost CTAB-GAN": 44,
    "CatBoost CTGAN": 48,
    "CatBoost CWGAN-GP": 77,
    "CatBoost CopulaGAN": 40,
    "CatBoost DP-CTGAN": 52,
    "CatBoost GaussianCopula": 43,
    "CatBoost MedGAN": 73,
    "CatBoost PrivBayes": 53,
    "CatBoost SMOTE": 4,
    "CatBoost TVAE": 16,
    "CatBoost TableGAN": 74,
    "Count CTAB-GAN": 26,
    "Count CTGAN": 33,
    "Count CWGAN-GP": 85,
    "Count CopulaGAN": 17,
    "Count DP-CTGAN": 54,
    "Count GaussianCopula": 46,
    "Count MedGAN": 87,
    "Count PrivBayes": 69,
    "Count SMOTE": 0,
    "Count TVAE": 9,
    "Count TableGAN": 66,
    "GLMM CTAB-GAN": 24,
    "GLMM CTGAN": 29,
    "GLMM CWGAN-GP": 81,
    "GLMM CopulaGAN": 25,
    "GLMM DP-CTGAN": 55,
    "GLMM GaussianCopula": 36,
    "GLMM MedGAN": 70,
    "GLMM PrivBayes": 58,
    "GLMM SMOTE": 6,
    "GLMM TVAE": 10,
    "GLMM TableGAN": 78,
    "Target CTAB-GAN": 21,
    "Target CTGAN": 30,
    "Target CWGAN-GP": 82,
    "Target CopulaGAN": 18,
    "Target DP-CTGAN": 56,
    "Target GaussianCopula": 31,
    "Target MedGAN": 75,
    "Target PrivBayes": 64,
    "Target SMOTE": 5,
    "Target TVAE": 11,
    "Target TableGAN": 71,
    "nan CTAB-GAN": 15,
    "nan CTGAN": 22,
    "nan CWGAN-GP": 62,
    "nan CopulaGAN": 19,
    "nan DP-CTGAN": 57,
    "nan GaussianCopula": 23,
    "nan MedGAN": 59,
    "nan PrivBayes": 65,
    "nan SMOTE": 7,
    "nan TVAE": 8,
    "nan TableGAN": 72
}