{
    "Binary CTAB-GAN": 27,
    "Binary CTGAN": 25,
    "Binary CopulaGAN": 24,
    "Binary DP-CTGAN": 21,
    "Binary GaussianCopula": 64,
    "Binary MedGAN": 4,
    "Binary PrivBayes": 26,
    "Binary TVAE": 65,
    "Binary TableGAN": 2,
    "Binary WGAN-GP": 9,
    "CV5GLMM CTAB-GAN": 56,
    "CV5GLMM CTGAN": 50,
    "CV5GLMM CopulaGAN": 53,
    "CV5GLMM DP-CTGAN": 33,
    "CV5GLMM GaussianCopula": 68,
    "CV5GLMM MedGAN": 0,
    "CV5GLMM PrivBayes": 52,
    "CV5GLMM TVAE": 78,
    "CV5GLMM TableGAN": 11,
    "CV5GLMM WGAN-GP": 22,
    "CV5Target CTAB-GAN": 60,
    "CV5Target CTGAN": 42,
    "CV5Target CopulaGAN": 51,
    "CV5Target DP-CTGAN": 30,
    "CV5Target GaussianCopula": 66,
    "CV5Target MedGAN": 3,
    "CV5Target PrivBayes": 48,
    "CV5Target TVAE": 77,
    "CV5Target TableGAN": 10,
    "CV5Target WGAN-GP": 23,
    "CatBoost CTAB-GAN": 62,
    "CatBoost CTGAN": 34,
    "CatBoost CopulaGAN": 47,
    "CatBoost DP-CTGAN": 28,
    "CatBoost GaussianCopula": 69,
    "CatBoost MedGAN": 1,
    "CatBoost PrivBayes": 37,
    "CatBoost TVAE": 73,
    "CatBoost TableGAN": 7,
    "CatBoost WGAN-GP": 13,
    "Count CTAB-GAN": 57,
    "Count CTGAN": 45,
    "Count CopulaGAN": 46,
    "Count DP-CTGAN": 29,
    "Count GaussianCopula": 72,
    "Count MedGAN": 18,
    "Count PrivBayes": 38,
    "Count TVAE": 74,
    "Count TableGAN": 12,
    "Count WGAN-GP": 15,
    "GLMM CTAB-GAN": 58,
    "GLMM CTGAN": 41,
    "GLMM CopulaGAN": 49,
    "GLMM DP-CTGAN": 31,
    "GLMM GaussianCopula": 67,
    "GLMM MedGAN": 5,
    "GLMM PrivBayes": 36,
    "GLMM TVAE": 75,
    "GLMM TableGAN": 8,
    "GLMM WGAN-GP": 19,
    "Target CTAB-GAN": 61,
    "Target CTGAN": 43,
    "Target CopulaGAN": 44,
    "Target DP-CTGAN": 32,
    "Target GaussianCopula": 70,
    "Target MedGAN": 14,
    "Target PrivBayes": 40,
    "Target TVAE": 76,
    "Target TableGAN": 16,
    "Target WGAN-GP": 20,
    "nan CTAB-GAN": 63,
    "nan CTGAN": 54,
    "nan CopulaGAN": 55,
    "nan DP-CTGAN": 35,
    "nan GaussianCopula": 71,
    "nan MedGAN": 6,
    "nan PrivBayes": 59,
    "nan TVAE": 79,
    "nan TableGAN": 17,
    "nan WGAN-GP": 39
}