{
    "Binary CTAB-GAN": 50,
    "Binary CTGAN": 33,
    "Binary CopulaGAN": 38,
    "Binary DP-CTGAN": 32,
    "Binary GaussianCopula": 65,
    "Binary MedGAN": 20,
    "Binary PrivBayes": 42,
    "Binary TVAE": 54,
    "Binary TableGAN": 6,
    "Binary WGAN-GP": 15,
    "CV5GLMM CTAB-GAN": 27,
    "CV5GLMM CTGAN": 24,
    "CV5GLMM CopulaGAN": 41,
    "CV5GLMM DP-CTGAN": 22,
    "CV5GLMM GaussianCopula": 66,
    "CV5GLMM MedGAN": 1,
    "CV5GLMM PrivBayes": 25,
    "CV5GLMM TVAE": 31,
    "CV5GLMM TableGAN": 21,
    "CV5GLMM WGAN-GP": 23,
    "CV5Target CTAB-GAN": 60,
    "CV5Target CTGAN": 9,
    "CV5Target CopulaGAN": 39,
    "CV5Target DP-CTGAN": 5,
    "CV5Target GaussianCopula": 74,
    "CV5Target MedGAN": 2,
    "CV5Target PrivBayes": 10,
    "CV5Target TVAE": 67,
    "CV5Target TableGAN": 3,
    "CV5Target WGAN-GP": 13,
    "CatBoost CTAB-GAN": 47,
    "CatBoost CTGAN": 11,
    "CatBoost CopulaGAN": 29,
    "CatBoost DP-CTGAN": 4,
    "CatBoost GaussianCopula": 73,
    "CatBoost MedGAN": 0,
    "CatBoost PrivBayes": 12,
    "CatBoost TVAE": 68,
    "CatBoost TableGAN": 16,
    "CatBoost WGAN-GP": 28,
    "Count CTAB-GAN": 51,
    "Count CTGAN": 43,
    "Count CopulaGAN": 55,
    "Count DP-CTGAN": 35,
    "Count GaussianCopula": 75,
    "Count MedGAN": 48,
    "Count PrivBayes": 56,
    "Count TVAE": 69,
    "Count TableGAN": 8,
    "Count WGAN-GP": 17,
    "GLMM CTAB-GAN": 52,
    "GLMM CTGAN": 44,
    "GLMM CopulaGAN": 57,
    "GLMM DP-CTGAN": 36,
    "GLMM GaussianCopula": 76,
    "GLMM MedGAN": 14,
    "GLMM PrivBayes": 58,
    "GLMM TVAE": 70,
    "GLMM TableGAN": 45,
    "GLMM WGAN-GP": 18,
    "Target CTAB-GAN": 53,
    "Target CTGAN": 46,
    "Target CopulaGAN": 61,
    "Target DP-CTGAN": 37,
    "Target GaussianCopula": 77,
    "Target MedGAN": 30,
    "Target PrivBayes": 59,
    "Target TVAE": 71,
    "Target TableGAN": 7,
    "Target WGAN-GP": 19,
    "nan CTAB-GAN": 72,
    "nan CTGAN": 63,
    "nan CopulaGAN": 64,
    "nan DP-CTGAN": 49,
    "nan GaussianCopula": 78,
    "nan MedGAN": 34,
    "nan PrivBayes": 62,
    "nan TVAE": 79,
    "nan TableGAN": 26,
    "nan WGAN-GP": 40
}