{
    "Binary CTAB-GAN": 39,
    "Binary CTGAN": 31,
    "Binary CWGAN-GP": 78,
    "Binary CopulaGAN": 30,
    "Binary DP-CTGAN": 87,
    "Binary GaussianCopula": 20,
    "Binary MedGAN": 86,
    "Binary PrivBayes": 32,
    "Binary SMOTE": 0,
    "Binary TVAE": 15,
    "Binary TableGAN": 9,
    "CV5GLMM CTAB-GAN": 58,
    "CV5GLMM CTGAN": 56,
    "CV5GLMM CWGAN-GP": 67,
    "CV5GLMM CopulaGAN": 51,
    "CV5GLMM DP-CTGAN": 83,
    "CV5GLMM GaussianCopula": 59,
    "CV5GLMM MedGAN": 70,
    "CV5GLMM PrivBayes": 75,
    "CV5GLMM SMOTE": 6,
    "CV5GLMM TVAE": 36,
    "CV5GLMM TableGAN": 73,
    "CV5Target CTAB-GAN": 40,
    "CV5Target CTGAN": 43,
    "CV5Target CWGAN-GP": 60,
    "CV5Target CopulaGAN": 37,
    "CV5Target DP-CTGAN": 71,
    "CV5Target GaussianCopula": 52,
    "CV5Target MedGAN": 72,
    "CV5Target PrivBayes": 65,
    "CV5Target SMOTE": 7,
    "CV5Target TVAE": 29,
    "CV5Target TableGAN": 84,
    "CatBoost CTAB-GAN": 44,
    "CatBoost CTGAN": 47,
    "CatBoost CWGAN-GP": 61,
    "CatBoost CopulaGAN": 46,
    "CatBoost DP-CTGAN": 68,
    "CatBoost GaussianCopula": 53,
    "CatBoost MedGAN": 63,
    "CatBoost PrivBayes": 85,
    "CatBoost SMOTE": 8,
    "CatBoost TVAE": 34,
    "CatBoost TableGAN": 66,
    "Count CTAB-GAN": 16,
    "Count CTGAN": 18,
    "Count CWGAN-GP": 42,
    "Count CopulaGAN": 11,
    "Count DP-CTGAN": 45,
    "Count GaussianCopula": 19,
    "Count MedGAN": 57,
    "Count PrivBayes": 54,
    "Count SMOTE": 1,
    "Count TVAE": 12,
    "Count TableGAN": 35,
    "GLMM CTAB-GAN": 33,
    "GLMM CTGAN": 26,
    "GLMM CWGAN-GP": 64,
    "GLMM CopulaGAN": 25,
    "GLMM DP-CTGAN": 82,
    "GLMM GaussianCopula": 50,
    "GLMM MedGAN": 79,
    "GLMM PrivBayes": 69,
    "GLMM SMOTE": 3,
    "GLMM TVAE": 22,
    "GLMM TableGAN": 76,
    "Target CTAB-GAN": 28,
    "Target CTGAN": 27,
    "Target CWGAN-GP": 62,
    "Target CopulaGAN": 24,
    "Target DP-CTGAN": 80,
    "Target GaussianCopula": 41,
    "Target MedGAN": 81,
    "Target PrivBayes": 74,
    "Target SMOTE": 5,
    "Target TVAE": 23,
    "Target TableGAN": 77,
    "nan CTAB-GAN": 10,
    "nan CTGAN": 14,
    "nan CWGAN-GP": 49,
    "nan CopulaGAN": 17,
    "nan DP-CTGAN": 48,
    "nan GaussianCopula": 13,
    "nan MedGAN": 21,
    "nan PrivBayes": 55,
    "nan SMOTE": 4,
    "nan TVAE": 2,
    "nan TableGAN": 38
}