{
    "Binary CTAB-GAN": 81,
    "Binary CTGAN": 83,
    "Binary CWGAN-GP": 84,
    "Binary CopulaGAN": 82,
    "Binary DP-CTGAN": 87,
    "Binary GaussianCopula": 80,
    "Binary MedGAN": 86,
    "Binary PrivBayes": 85,
    "Binary SMOTE": 6,
    "Binary TVAE": 77,
    "Binary TableGAN": 79,
    "CV5GLMM CTAB-GAN": 43,
    "CV5GLMM CTGAN": 52,
    "CV5GLMM CWGAN-GP": 60,
    "CV5GLMM CopulaGAN": 44,
    "CV5GLMM DP-CTGAN": 74,
    "CV5GLMM GaussianCopula": 49,
    "CV5GLMM MedGAN": 68,
    "CV5GLMM PrivBayes": 62,
    "CV5GLMM SMOTE": 4,
    "CV5GLMM TVAE": 17,
    "CV5GLMM TableGAN": 55,
    "CV5Target CTAB-GAN": 16,
    "CV5Target CTGAN": 32,
    "CV5Target CWGAN-GP": 53,
    "CV5Target CopulaGAN": 19,
    "CV5Target DP-CTGAN": 69,
    "CV5Target GaussianCopula": 36,
    "CV5Target MedGAN": 59,
    "CV5Target PrivBayes": 48,
    "CV5Target SMOTE": 5,
    "CV5Target TVAE": 12,
    "CV5Target TableGAN": 45,
    "CatBoost CTAB-GAN": 14,
    "CatBoost CTGAN": 28,
    "CatBoost CWGAN-GP": 33,
    "CatBoost CopulaGAN": 20,
    "CatBoost DP-CTGAN": 65,
    "CatBoost GaussianCopula": 35,
    "CatBoost MedGAN": 41,
    "CatBoost PrivBayes": 63,
    "CatBoost SMOTE": 2,
    "CatBoost TVAE": 10,
    "CatBoost TableGAN": 40,
    "Count CTAB-GAN": 23,
    "Count CTGAN": 37,
    "Count CWGAN-GP": 54,
    "Count CopulaGAN": 29,
    "Count DP-CTGAN": 76,
    "Count GaussianCopula": 42,
    "Count MedGAN": 66,
    "Count PrivBayes": 71,
    "Count SMOTE": 1,
    "Count TVAE": 13,
    "Count TableGAN": 50,
    "GLMM CTAB-GAN": 21,
    "GLMM CTGAN": 30,
    "GLMM CWGAN-GP": 64,
    "GLMM CopulaGAN": 22,
    "GLMM DP-CTGAN": 75,
    "GLMM GaussianCopula": 34,
    "GLMM MedGAN": 72,
    "GLMM PrivBayes": 58,
    "GLMM SMOTE": 0,
    "GLMM TVAE": 11,
    "GLMM TableGAN": 51,
    "Target CTAB-GAN": 15,
    "Target CTGAN": 24,
    "Target CWGAN-GP": 57,
    "Target CopulaGAN": 18,
    "Target DP-CTGAN": 70,
    "Target GaussianCopula": 38,
    "Target MedGAN": 67,
    "Target PrivBayes": 56,
    "Target SMOTE": 3,
    "Target TVAE": 9,
    "Target TableGAN": 46,
    "nan CTAB-GAN": 26,
    "nan CTGAN": 27,
    "nan CWGAN-GP": 73,
    "nan CopulaGAN": 31,
    "nan DP-CTGAN": 78,
    "nan GaussianCopula": 25,
    "nan MedGAN": 39,
    "nan PrivBayes": 47,
    "nan SMOTE": 7,
    "nan TVAE": 8,
    "nan TableGAN": 61
}