{
    "Binary CTAB-GAN": 27,
    "Binary CTGAN": 39,
    "Binary CWGAN-GP": 81,
    "Binary CopulaGAN": 28,
    "Binary DP-CTGAN": 85,
    "Binary GaussianCopula": 16,
    "Binary MedGAN": 82,
    "Binary PrivBayes": 40,
    "Binary SMOTE": 22,
    "Binary TVAE": 15,
    "Binary TableGAN": 23,
    "CV5GLMM CTAB-GAN": 45,
    "CV5GLMM CTGAN": 57,
    "CV5GLMM CWGAN-GP": 68,
    "CV5GLMM CopulaGAN": 50,
    "CV5GLMM DP-CTGAN": 71,
    "CV5GLMM GaussianCopula": 53,
    "CV5GLMM MedGAN": 79,
    "CV5GLMM PrivBayes": 75,
    "CV5GLMM SMOTE": 11,
    "CV5GLMM TVAE": 31,
    "CV5GLMM TableGAN": 66,
    "CV5Target CTAB-GAN": 47,
    "CV5Target CTGAN": 59,
    "CV5Target CWGAN-GP": 65,
    "CV5Target CopulaGAN": 51,
    "CV5Target DP-CTGAN": 69,
    "CV5Target GaussianCopula": 52,
    "CV5Target MedGAN": 76,
    "CV5Target PrivBayes": 80,
    "CV5Target SMOTE": 10,
    "CV5Target TVAE": 32,
    "CV5Target TableGAN": 87,
    "CatBoost CTAB-GAN": 38,
    "CatBoost CTGAN": 58,
    "CatBoost CWGAN-GP": 61,
    "CatBoost CopulaGAN": 43,
    "CatBoost DP-CTGAN": 62,
    "CatBoost GaussianCopula": 48,
    "CatBoost MedGAN": 60,
    "CatBoost PrivBayes": 63,
    "CatBoost SMOTE": 19,
    "CatBoost TVAE": 33,
    "CatBoost TableGAN": 72,
    "Count CTAB-GAN": 6,
    "Count CTGAN": 24,
    "Count CWGAN-GP": 30,
    "Count CopulaGAN": 8,
    "Count DP-CTGAN": 25,
    "Count GaussianCopula": 20,
    "Count MedGAN": 36,
    "Count PrivBayes": 37,
    "Count SMOTE": 0,
    "Count TVAE": 14,
    "Count TableGAN": 34,
    "GLMM CTAB-GAN": 55,
    "GLMM CTGAN": 49,
    "GLMM CWGAN-GP": 67,
    "GLMM CopulaGAN": 41,
    "GLMM DP-CTGAN": 73,
    "GLMM GaussianCopula": 42,
    "GLMM MedGAN": 70,
    "GLMM PrivBayes": 77,
    "GLMM SMOTE": 7,
    "GLMM TVAE": 35,
    "GLMM TableGAN": 83,
    "Target CTAB-GAN": 56,
    "Target CTGAN": 54,
    "Target CWGAN-GP": 64,
    "Target CopulaGAN": 44,
    "Target DP-CTGAN": 74,
    "Target GaussianCopula": 46,
    "Target MedGAN": 78,
    "Target PrivBayes": 84,
    "Target SMOTE": 5,
    "Target TVAE": 29,
    "Target TableGAN": 86,
    "nan CTAB-GAN": 12,
    "nan CTGAN": 4,
    "nan CWGAN-GP": 1,
    "nan CopulaGAN": 9,
    "nan DP-CTGAN": 21,
    "nan GaussianCopula": 13,
    "nan MedGAN": 17,
    "nan PrivBayes": 3,
    "nan SMOTE": 18,
    "nan TVAE": 2,
    "nan TableGAN": 26
}