{
    "Binary CTAB-GAN": 8,
    "Binary CTGAN": 11,
    "Binary CWGAN-GP": 0,
    "Binary CopulaGAN": 22,
    "Binary DP-CTGAN": 1,
    "Binary GaussianCopula": 32,
    "Binary MedGAN": 2,
    "Binary PrivBayes": 29,
    "Binary SMOTE": 33,
    "Binary TVAE": 23,
    "Binary TableGAN": 28,
    "CV5GLMM CTAB-GAN": 49,
    "CV5GLMM CTGAN": 52,
    "CV5GLMM CWGAN-GP": 3,
    "CV5GLMM CopulaGAN": 53,
    "CV5GLMM DP-CTGAN": 46,
    "CV5GLMM GaussianCopula": 72,
    "CV5GLMM MedGAN": 15,
    "CV5GLMM PrivBayes": 62,
    "CV5GLMM SMOTE": 80,
    "CV5GLMM TVAE": 60,
    "CV5GLMM TableGAN": 30,
    "CV5Target CTAB-GAN": 48,
    "CV5Target CTGAN": 61,
    "CV5Target CWGAN-GP": 4,
    "CV5Target CopulaGAN": 58,
    "CV5Target DP-CTGAN": 39,
    "CV5Target GaussianCopula": 73,
    "CV5Target MedGAN": 12,
    "CV5Target PrivBayes": 54,
    "CV5Target SMOTE": 79,
    "CV5Target TVAE": 68,
    "CV5Target TableGAN": 16,
    "CatBoost CTAB-GAN": 37,
    "CatBoost CTGAN": 35,
    "CatBoost CWGAN-GP": 5,
    "CatBoost CopulaGAN": 41,
    "CatBoost DP-CTGAN": 27,
    "CatBoost GaussianCopula": 64,
    "CatBoost MedGAN": 19,
    "CatBoost PrivBayes": 31,
    "CatBoost SMOTE": 50,
    "CatBoost TVAE": 51,
    "CatBoost TableGAN": 13,
    "Count CTAB-GAN": 40,
    "Count CTGAN": 65,
    "Count CWGAN-GP": 10,
    "Count CopulaGAN": 78,
    "Count DP-CTGAN": 42,
    "Count GaussianCopula": 81,
    "Count MedGAN": 14,
    "Count PrivBayes": 25,
    "Count SMOTE": 76,
    "Count TVAE": 55,
    "Count TableGAN": 17,
    "GLMM CTAB-GAN": 43,
    "GLMM CTGAN": 63,
    "GLMM CWGAN-GP": 7,
    "GLMM CopulaGAN": 69,
    "GLMM DP-CTGAN": 47,
    "GLMM GaussianCopula": 77,
    "GLMM MedGAN": 20,
    "GLMM PrivBayes": 18,
    "GLMM SMOTE": 83,
    "GLMM TVAE": 38,
    "GLMM TableGAN": 24,
    "Target CTAB-GAN": 44,
    "Target CTGAN": 66,
    "Target CWGAN-GP": 6,
    "Target CopulaGAN": 70,
    "Target DP-CTGAN": 45,
    "Target GaussianCopula": 75,
    "Target MedGAN": 9,
    "Target PrivBayes": 21,
    "Target SMOTE": 82,
    "Target TVAE": 56,
    "Target TableGAN": 26,
    "nan CTAB-GAN": 36,
    "nan CTGAN": 67,
    "nan CWGAN-GP": 85,
    "nan CopulaGAN": 74,
    "nan DP-CTGAN": 86,
    "nan GaussianCopula": 87,
    "nan MedGAN": 59,
    "nan PrivBayes": 84,
    "nan SMOTE": 57,
    "nan TVAE": 71,
    "nan TableGAN": 34
}