{
    "Binary CTAB-GAN": 19,
    "Binary CTGAN": 17,
    "Binary CWGAN-GP": 0,
    "Binary CopulaGAN": 18,
    "Binary DP-CTGAN": 11,
    "Binary GaussianCopula": 31,
    "Binary MedGAN": 5,
    "Binary PrivBayes": 16,
    "Binary SMOTE": 61,
    "Binary TVAE": 29,
    "Binary TableGAN": 1,
    "CV5GLMM CTAB-GAN": 65,
    "CV5GLMM CTGAN": 50,
    "CV5GLMM CWGAN-GP": 8,
    "CV5GLMM CopulaGAN": 52,
    "CV5GLMM DP-CTGAN": 23,
    "CV5GLMM GaussianCopula": 67,
    "CV5GLMM MedGAN": 2,
    "CV5GLMM PrivBayes": 27,
    "CV5GLMM SMOTE": 85,
    "CV5GLMM TVAE": 80,
    "CV5GLMM TableGAN": 30,
    "CV5Target CTAB-GAN": 68,
    "CV5Target CTGAN": 58,
    "CV5Target CWGAN-GP": 10,
    "CV5Target CopulaGAN": 63,
    "CV5Target DP-CTGAN": 42,
    "CV5Target GaussianCopula": 69,
    "CV5Target MedGAN": 3,
    "CV5Target PrivBayes": 45,
    "CV5Target SMOTE": 82,
    "CV5Target TVAE": 77,
    "CV5Target TableGAN": 40,
    "CatBoost CTAB-GAN": 66,
    "CatBoost CTGAN": 48,
    "CatBoost CWGAN-GP": 12,
    "CatBoost CopulaGAN": 55,
    "CatBoost DP-CTGAN": 33,
    "CatBoost GaussianCopula": 78,
    "CatBoost MedGAN": 4,
    "CatBoost PrivBayes": 37,
    "CatBoost SMOTE": 83,
    "CatBoost TVAE": 81,
    "CatBoost TableGAN": 32,
    "Count CTAB-GAN": 54,
    "Count CTGAN": 46,
    "Count CWGAN-GP": 15,
    "Count CopulaGAN": 51,
    "Count DP-CTGAN": 34,
    "Count GaussianCopula": 74,
    "Count MedGAN": 24,
    "Count PrivBayes": 38,
    "Count SMOTE": 86,
    "Count TVAE": 70,
    "Count TableGAN": 6,
    "GLMM CTAB-GAN": 56,
    "GLMM CTGAN": 47,
    "GLMM CWGAN-GP": 9,
    "GLMM CopulaGAN": 53,
    "GLMM DP-CTGAN": 22,
    "GLMM GaussianCopula": 75,
    "GLMM MedGAN": 7,
    "GLMM PrivBayes": 26,
    "GLMM SMOTE": 87,
    "GLMM TVAE": 79,
    "GLMM TableGAN": 28,
    "Target CTAB-GAN": 59,
    "Target CTGAN": 57,
    "Target CWGAN-GP": 14,
    "Target CopulaGAN": 64,
    "Target DP-CTGAN": 41,
    "Target GaussianCopula": 73,
    "Target MedGAN": 13,
    "Target PrivBayes": 43,
    "Target SMOTE": 84,
    "Target TVAE": 72,
    "Target TableGAN": 36,
    "nan CTAB-GAN": 62,
    "nan CTGAN": 49,
    "nan CWGAN-GP": 21,
    "nan CopulaGAN": 44,
    "nan DP-CTGAN": 39,
    "nan GaussianCopula": 60,
    "nan MedGAN": 20,
    "nan PrivBayes": 35,
    "nan SMOTE": 76,
    "nan TVAE": 71,
    "nan TableGAN": 25
}