{
    "Binary CTAB-GAN": 71,
    "Binary CTGAN": 86,
    "Binary CWGAN-GP": 83,
    "Binary CopulaGAN": 82,
    "Binary DP-CTGAN": 84,
    "Binary GaussianCopula": 41,
    "Binary MedGAN": 85,
    "Binary PrivBayes": 87,
    "Binary SMOTE": 13,
    "Binary TVAE": 27,
    "Binary TableGAN": 69,
    "CV5GLMM CTAB-GAN": 36,
    "CV5GLMM CTGAN": 47,
    "CV5GLMM CWGAN-GP": 66,
    "CV5GLMM CopulaGAN": 38,
    "CV5GLMM DP-CTGAN": 79,
    "CV5GLMM GaussianCopula": 57,
    "CV5GLMM MedGAN": 72,
    "CV5GLMM PrivBayes": 68,
    "CV5GLMM SMOTE": 6,
    "CV5GLMM TVAE": 18,
    "CV5GLMM TableGAN": 70,
    "CV5Target CTAB-GAN": 28,
    "CV5Target CTGAN": 45,
    "CV5Target CWGAN-GP": 49,
    "CV5Target CopulaGAN": 35,
    "CV5Target DP-CTGAN": 74,
    "CV5Target GaussianCopula": 43,
    "CV5Target MedGAN": 55,
    "CV5Target PrivBayes": 58,
    "CV5Target SMOTE": 5,
    "CV5Target TVAE": 21,
    "CV5Target TableGAN": 64,
    "CatBoost CTAB-GAN": 10,
    "CatBoost CTGAN": 14,
    "CatBoost CWGAN-GP": 22,
    "CatBoost CopulaGAN": 15,
    "CatBoost DP-CTGAN": 65,
    "CatBoost GaussianCopula": 25,
    "CatBoost MedGAN": 24,
    "CatBoost PrivBayes": 78,
    "CatBoost SMOTE": 1,
    "CatBoost TVAE": 8,
    "CatBoost TableGAN": 59,
    "Count CTAB-GAN": 19,
    "Count CTGAN": 37,
    "Count CWGAN-GP": 46,
    "Count CopulaGAN": 29,
    "Count DP-CTGAN": 75,
    "Count GaussianCopula": 42,
    "Count MedGAN": 60,
    "Count PrivBayes": 62,
    "Count SMOTE": 0,
    "Count TVAE": 9,
    "Count TableGAN": 44,
    "GLMM CTAB-GAN": 20,
    "GLMM CTGAN": 39,
    "GLMM CWGAN-GP": 48,
    "GLMM CopulaGAN": 34,
    "GLMM DP-CTGAN": 76,
    "GLMM GaussianCopula": 33,
    "GLMM MedGAN": 52,
    "GLMM PrivBayes": 53,
    "GLMM SMOTE": 2,
    "GLMM TVAE": 16,
    "GLMM TableGAN": 56,
    "Target CTAB-GAN": 23,
    "Target CTGAN": 40,
    "Target CWGAN-GP": 51,
    "Target CopulaGAN": 30,
    "Target DP-CTGAN": 77,
    "Target GaussianCopula": 31,
    "Target MedGAN": 54,
    "Target PrivBayes": 50,
    "Target SMOTE": 3,
    "Target TVAE": 17,
    "Target TableGAN": 63,
    "nan CTAB-GAN": 11,
    "nan CTGAN": 26,
    "nan CWGAN-GP": 80,
    "nan CopulaGAN": 61,
    "nan DP-CTGAN": 81,
    "nan GaussianCopula": 12,
    "nan MedGAN": 32,
    "nan PrivBayes": 67,
    "nan SMOTE": 7,
    "nan TVAE": 4,
    "nan TableGAN": 73
}