{
    "Binary CTAB-GAN": 37,
    "Binary CTGAN": 41,
    "Binary CWGAN-GP": 29,
    "Binary CopulaGAN": 57,
    "Binary DP-CTGAN": 23,
    "Binary GaussianCopula": 73,
    "Binary MedGAN": 14,
    "Binary PrivBayes": 17,
    "Binary SMOTE": 76,
    "Binary TVAE": 68,
    "Binary TableGAN": 39,
    "CV5GLMM CTAB-GAN": 44,
    "CV5GLMM CTGAN": 52,
    "CV5GLMM CWGAN-GP": 26,
    "CV5GLMM CopulaGAN": 65,
    "CV5GLMM DP-CTGAN": 32,
    "CV5GLMM GaussianCopula": 53,
    "CV5GLMM MedGAN": 3,
    "CV5GLMM PrivBayes": 12,
    "CV5GLMM SMOTE": 82,
    "CV5GLMM TVAE": 69,
    "CV5GLMM TableGAN": 16,
    "CV5Target CTAB-GAN": 43,
    "CV5Target CTGAN": 58,
    "CV5Target CWGAN-GP": 27,
    "CV5Target CopulaGAN": 63,
    "CV5Target DP-CTGAN": 33,
    "CV5Target GaussianCopula": 46,
    "CV5Target MedGAN": 2,
    "CV5Target PrivBayes": 9,
    "CV5Target SMOTE": 81,
    "CV5Target TVAE": 77,
    "CV5Target TableGAN": 18,
    "CatBoost CTAB-GAN": 60,
    "CatBoost CTGAN": 61,
    "CatBoost CWGAN-GP": 30,
    "CatBoost CopulaGAN": 78,
    "CatBoost DP-CTGAN": 36,
    "CatBoost GaussianCopula": 62,
    "CatBoost MedGAN": 0,
    "CatBoost PrivBayes": 1,
    "CatBoost SMOTE": 84,
    "CatBoost TVAE": 85,
    "CatBoost TableGAN": 20,
    "Count CTAB-GAN": 51,
    "Count CTGAN": 45,
    "Count CWGAN-GP": 28,
    "Count CopulaGAN": 79,
    "Count DP-CTGAN": 24,
    "Count GaussianCopula": 54,
    "Count MedGAN": 7,
    "Count PrivBayes": 11,
    "Count SMOTE": 83,
    "Count TVAE": 64,
    "Count TableGAN": 19,
    "GLMM CTAB-GAN": 48,
    "GLMM CTGAN": 50,
    "GLMM CWGAN-GP": 21,
    "GLMM CopulaGAN": 56,
    "GLMM DP-CTGAN": 25,
    "GLMM GaussianCopula": 40,
    "GLMM MedGAN": 6,
    "GLMM PrivBayes": 15,
    "GLMM SMOTE": 74,
    "GLMM TVAE": 70,
    "GLMM TableGAN": 34,
    "Target CTAB-GAN": 47,
    "Target CTGAN": 49,
    "Target CWGAN-GP": 22,
    "Target CopulaGAN": 66,
    "Target DP-CTGAN": 31,
    "Target GaussianCopula": 55,
    "Target MedGAN": 4,
    "Target PrivBayes": 10,
    "Target SMOTE": 71,
    "Target TVAE": 75,
    "Target TableGAN": 13,
    "nan CTAB-GAN": 59,
    "nan CTGAN": 67,
    "nan CWGAN-GP": 42,
    "nan CopulaGAN": 80,
    "nan DP-CTGAN": 35,
    "nan GaussianCopula": 72,
    "nan MedGAN": 5,
    "nan PrivBayes": 8,
    "nan SMOTE": 86,
    "nan TVAE": 87,
    "nan TableGAN": 38
}