{
    "Binary CTAB-GAN": 21,
    "Binary CTGAN": 26,
    "Binary CWGAN-GP": 0,
    "Binary CopulaGAN": 25,
    "Binary DP-CTGAN": 20,
    "Binary GaussianCopula": 48,
    "Binary MedGAN": 10,
    "Binary PrivBayes": 24,
    "Binary SMOTE": 69,
    "Binary TVAE": 57,
    "Binary TableGAN": 54,
    "CV5GLMM CTAB-GAN": 37,
    "CV5GLMM CTGAN": 46,
    "CV5GLMM CWGAN-GP": 9,
    "CV5GLMM CopulaGAN": 49,
    "CV5GLMM DP-CTGAN": 29,
    "CV5GLMM GaussianCopula": 56,
    "CV5GLMM MedGAN": 4,
    "CV5GLMM PrivBayes": 32,
    "CV5GLMM SMOTE": 81,
    "CV5GLMM TVAE": 67,
    "CV5GLMM TableGAN": 23,
    "CV5Target CTAB-GAN": 50,
    "CV5Target CTGAN": 41,
    "CV5Target CWGAN-GP": 7,
    "CV5Target CopulaGAN": 45,
    "CV5Target DP-CTGAN": 28,
    "CV5Target GaussianCopula": 52,
    "CV5Target MedGAN": 6,
    "CV5Target PrivBayes": 31,
    "CV5Target SMOTE": 79,
    "CV5Target TVAE": 74,
    "CV5Target TableGAN": 13,
    "CatBoost CTAB-GAN": 38,
    "CatBoost CTGAN": 42,
    "CatBoost CWGAN-GP": 2,
    "CatBoost CopulaGAN": 51,
    "CatBoost DP-CTGAN": 27,
    "CatBoost GaussianCopula": 76,
    "CatBoost MedGAN": 1,
    "CatBoost PrivBayes": 30,
    "CatBoost SMOTE": 78,
    "CatBoost TVAE": 68,
    "CatBoost TableGAN": 8,
    "Count CTAB-GAN": 77,
    "Count CTGAN": 64,
    "Count CWGAN-GP": 14,
    "Count CopulaGAN": 70,
    "Count DP-CTGAN": 53,
    "Count GaussianCopula": 84,
    "Count MedGAN": 33,
    "Count PrivBayes": 47,
    "Count SMOTE": 87,
    "Count TVAE": 80,
    "Count TableGAN": 44,
    "GLMM CTAB-GAN": 39,
    "GLMM CTGAN": 34,
    "GLMM CWGAN-GP": 3,
    "GLMM CopulaGAN": 36,
    "GLMM DP-CTGAN": 19,
    "GLMM GaussianCopula": 63,
    "GLMM MedGAN": 11,
    "GLMM PrivBayes": 18,
    "GLMM SMOTE": 82,
    "GLMM TVAE": 59,
    "GLMM TableGAN": 16,
    "Target CTAB-GAN": 43,
    "Target CTGAN": 35,
    "Target CWGAN-GP": 5,
    "Target CopulaGAN": 40,
    "Target DP-CTGAN": 22,
    "Target GaussianCopula": 65,
    "Target MedGAN": 12,
    "Target PrivBayes": 17,
    "Target SMOTE": 83,
    "Target TVAE": 62,
    "Target TableGAN": 15,
    "nan CTAB-GAN": 72,
    "nan CTGAN": 71,
    "nan CWGAN-GP": 58,
    "nan CopulaGAN": 73,
    "nan DP-CTGAN": 60,
    "nan GaussianCopula": 75,
    "nan MedGAN": 66,
    "nan PrivBayes": 61,
    "nan SMOTE": 86,
    "nan TVAE": 85,
    "nan TableGAN": 55
}