{
    "Binary CTAB-GAN": 10,
    "Binary CTGAN": 17,
    "Binary CWGAN-GP": 0,
    "Binary CopulaGAN": 14,
    "Binary DP-CTGAN": 11,
    "Binary GaussianCopula": 40,
    "Binary MedGAN": 8,
    "Binary PrivBayes": 16,
    "Binary SMOTE": 67,
    "Binary TVAE": 24,
    "Binary TableGAN": 30,
    "CV5GLMM CTAB-GAN": 49,
    "CV5GLMM CTGAN": 61,
    "CV5GLMM CWGAN-GP": 2,
    "CV5GLMM CopulaGAN": 57,
    "CV5GLMM DP-CTGAN": 37,
    "CV5GLMM GaussianCopula": 72,
    "CV5GLMM MedGAN": 5,
    "CV5GLMM PrivBayes": 54,
    "CV5GLMM SMOTE": 85,
    "CV5GLMM TVAE": 71,
    "CV5GLMM TableGAN": 15,
    "CV5Target CTAB-GAN": 62,
    "CV5Target CTGAN": 63,
    "CV5Target CWGAN-GP": 6,
    "CV5Target CopulaGAN": 58,
    "CV5Target DP-CTGAN": 39,
    "CV5Target GaussianCopula": 74,
    "CV5Target MedGAN": 12,
    "CV5Target PrivBayes": 51,
    "CV5Target SMOTE": 86,
    "CV5Target TVAE": 75,
    "CV5Target TableGAN": 23,
    "CatBoost CTAB-GAN": 56,
    "CatBoost CTGAN": 41,
    "CatBoost CWGAN-GP": 13,
    "CatBoost CopulaGAN": 44,
    "CatBoost DP-CTGAN": 27,
    "CatBoost GaussianCopula": 80,
    "CatBoost MedGAN": 3,
    "CatBoost PrivBayes": 31,
    "CatBoost SMOTE": 83,
    "CatBoost TVAE": 76,
    "CatBoost TableGAN": 20,
    "Count CTAB-GAN": 55,
    "Count CTGAN": 64,
    "Count CWGAN-GP": 4,
    "Count CopulaGAN": 59,
    "Count DP-CTGAN": 38,
    "Count GaussianCopula": 79,
    "Count MedGAN": 22,
    "Count PrivBayes": 35,
    "Count SMOTE": 87,
    "Count TVAE": 66,
    "Count TableGAN": 1,
    "GLMM CTAB-GAN": 42,
    "GLMM CTGAN": 52,
    "GLMM CWGAN-GP": 7,
    "GLMM CopulaGAN": 47,
    "GLMM DP-CTGAN": 36,
    "GLMM GaussianCopula": 77,
    "GLMM MedGAN": 18,
    "GLMM PrivBayes": 32,
    "GLMM SMOTE": 82,
    "GLMM TVAE": 68,
    "GLMM TableGAN": 26,
    "Target CTAB-GAN": 43,
    "Target CTGAN": 53,
    "Target CWGAN-GP": 9,
    "Target CopulaGAN": 48,
    "Target DP-CTGAN": 33,
    "Target GaussianCopula": 81,
    "Target MedGAN": 19,
    "Target PrivBayes": 34,
    "Target SMOTE": 84,
    "Target TVAE": 69,
    "Target TableGAN": 29,
    "nan CTAB-GAN": 65,
    "nan CTGAN": 60,
    "nan CWGAN-GP": 21,
    "nan CopulaGAN": 50,
    "nan DP-CTGAN": 45,
    "nan GaussianCopula": 70,
    "nan MedGAN": 28,
    "nan PrivBayes": 46,
    "nan SMOTE": 78,
    "nan TVAE": 73,
    "nan TableGAN": 25
}