{
    "Binary CTAB-GAN": 46,
    "Binary CTGAN": 49,
    "Binary CWGAN-GP": 27,
    "Binary CopulaGAN": 50,
    "Binary DP-CTGAN": 24,
    "Binary GaussianCopula": 60,
    "Binary MedGAN": 25,
    "Binary PrivBayes": 47,
    "Binary SMOTE": 65,
    "Binary TVAE": 58,
    "Binary TableGAN": 54,
    "CV5GLMM CTAB-GAN": 32,
    "CV5GLMM CTGAN": 29,
    "CV5GLMM CWGAN-GP": 1,
    "CV5GLMM CopulaGAN": 39,
    "CV5GLMM DP-CTGAN": 20,
    "CV5GLMM GaussianCopula": 55,
    "CV5GLMM MedGAN": 7,
    "CV5GLMM PrivBayes": 28,
    "CV5GLMM SMOTE": 72,
    "CV5GLMM TVAE": 64,
    "CV5GLMM TableGAN": 21,
    "CV5Target CTAB-GAN": 31,
    "CV5Target CTGAN": 34,
    "CV5Target CWGAN-GP": 2,
    "CV5Target CopulaGAN": 42,
    "CV5Target DP-CTGAN": 26,
    "CV5Target GaussianCopula": 57,
    "CV5Target MedGAN": 8,
    "CV5Target PrivBayes": 30,
    "CV5Target SMOTE": 69,
    "CV5Target TVAE": 62,
    "CV5Target TableGAN": 13,
    "CatBoost CTAB-GAN": 40,
    "CatBoost CTGAN": 43,
    "CatBoost CWGAN-GP": 5,
    "CatBoost CopulaGAN": 45,
    "CatBoost DP-CTGAN": 33,
    "CatBoost GaussianCopula": 59,
    "CatBoost MedGAN": 0,
    "CatBoost PrivBayes": 36,
    "CatBoost SMOTE": 63,
    "CatBoost TVAE": 61,
    "CatBoost TableGAN": 9,
    "Count CTAB-GAN": 75,
    "Count CTGAN": 68,
    "Count CWGAN-GP": 35,
    "Count CopulaGAN": 81,
    "Count DP-CTGAN": 70,
    "Count GaussianCopula": 86,
    "Count MedGAN": 52,
    "Count PrivBayes": 56,
    "Count SMOTE": 87,
    "Count TVAE": 82,
    "Count TableGAN": 44,
    "GLMM CTAB-GAN": 10,
    "GLMM CTGAN": 16,
    "GLMM CWGAN-GP": 3,
    "GLMM CopulaGAN": 37,
    "GLMM DP-CTGAN": 18,
    "GLMM GaussianCopula": 51,
    "GLMM MedGAN": 23,
    "GLMM PrivBayes": 17,
    "GLMM SMOTE": 73,
    "GLMM TVAE": 41,
    "GLMM TableGAN": 6,
    "Target CTAB-GAN": 14,
    "Target CTGAN": 22,
    "Target CWGAN-GP": 4,
    "Target CopulaGAN": 38,
    "Target DP-CTGAN": 19,
    "Target GaussianCopula": 53,
    "Target MedGAN": 12,
    "Target PrivBayes": 15,
    "Target SMOTE": 74,
    "Target TVAE": 48,
    "Target TableGAN": 11,
    "nan CTAB-GAN": 66,
    "nan CTGAN": 71,
    "nan CWGAN-GP": 76,
    "nan CopulaGAN": 78,
    "nan DP-CTGAN": 77,
    "nan GaussianCopula": 83,
    "nan MedGAN": 80,
    "nan PrivBayes": 79,
    "nan SMOTE": 84,
    "nan TVAE": 85,
    "nan TableGAN": 67
}