{
    "Binary CTAB-GAN": 29,
    "Binary CTGAN": 20,
    "Binary CWGAN-GP": 74,
    "Binary CopulaGAN": 57,
    "Binary DP-CTGAN": 31,
    "Binary GaussianCopula": 50,
    "Binary MedGAN": 30,
    "Binary PrivBayes": 68,
    "Binary SMOTE": 75,
    "Binary TVAE": 22,
    "Binary TableGAN": 42,
    "CV5GLMM CTAB-GAN": 27,
    "CV5GLMM CTGAN": 6,
    "CV5GLMM CWGAN-GP": 76,
    "CV5GLMM CopulaGAN": 46,
    "CV5GLMM DP-CTGAN": 38,
    "CV5GLMM GaussianCopula": 67,
    "CV5GLMM MedGAN": 19,
    "CV5GLMM PrivBayes": 66,
    "CV5GLMM SMOTE": 77,
    "CV5GLMM TVAE": 61,
    "CV5GLMM TableGAN": 25,
    "CV5Target CTAB-GAN": 11,
    "CV5Target CTGAN": 7,
    "CV5Target CWGAN-GP": 78,
    "CV5Target CopulaGAN": 59,
    "CV5Target DP-CTGAN": 32,
    "CV5Target GaussianCopula": 51,
    "CV5Target MedGAN": 16,
    "CV5Target PrivBayes": 70,
    "CV5Target SMOTE": 79,
    "CV5Target TVAE": 52,
    "CV5Target TableGAN": 9,
    "CatBoost CTAB-GAN": 10,
    "CatBoost CTGAN": 13,
    "CatBoost CWGAN-GP": 80,
    "CatBoost CopulaGAN": 56,
    "CatBoost DP-CTGAN": 26,
    "CatBoost GaussianCopula": 53,
    "CatBoost MedGAN": 12,
    "CatBoost PrivBayes": 72,
    "CatBoost SMOTE": 81,
    "CatBoost TVAE": 62,
    "CatBoost TableGAN": 8,
    "Count CTAB-GAN": 40,
    "Count CTGAN": 28,
    "Count CWGAN-GP": 82,
    "Count CopulaGAN": 58,
    "Count DP-CTGAN": 17,
    "Count GaussianCopula": 54,
    "Count MedGAN": 0,
    "Count PrivBayes": 71,
    "Count SMOTE": 83,
    "Count TVAE": 34,
    "Count TableGAN": 47,
    "GLMM CTAB-GAN": 35,
    "GLMM CTGAN": 14,
    "GLMM CWGAN-GP": 84,
    "GLMM CopulaGAN": 64,
    "GLMM DP-CTGAN": 36,
    "GLMM GaussianCopula": 49,
    "GLMM MedGAN": 18,
    "GLMM PrivBayes": 69,
    "GLMM SMOTE": 85,
    "GLMM TVAE": 21,
    "GLMM TableGAN": 45,
    "Target CTAB-GAN": 39,
    "Target CTGAN": 15,
    "Target CWGAN-GP": 86,
    "Target CopulaGAN": 60,
    "Target DP-CTGAN": 33,
    "Target GaussianCopula": 55,
    "Target MedGAN": 43,
    "Target PrivBayes": 73,
    "Target SMOTE": 87,
    "Target TVAE": 5,
    "Target TableGAN": 23,
    "nan CTAB-GAN": 44,
    "nan CTGAN": 48,
    "nan CWGAN-GP": 4,
    "nan CopulaGAN": 41,
    "nan DP-CTGAN": 3,
    "nan GaussianCopula": 24,
    "nan MedGAN": 37,
    "nan PrivBayes": 1,
    "nan SMOTE": 63,
    "nan TVAE": 65,
    "nan TableGAN": 2
}