{
    "Binary CTAB-GAN": 43,
    "Binary CTGAN": 21,
    "Binary CWGAN-GP": 74,
    "Binary CopulaGAN": 28,
    "Binary DP-CTGAN": 14,
    "Binary GaussianCopula": 46,
    "Binary MedGAN": 33,
    "Binary PrivBayes": 57,
    "Binary SMOTE": 75,
    "Binary TVAE": 23,
    "Binary TableGAN": 64,
    "CV5GLMM CTAB-GAN": 35,
    "CV5GLMM CTGAN": 11,
    "CV5GLMM CWGAN-GP": 76,
    "CV5GLMM CopulaGAN": 44,
    "CV5GLMM DP-CTGAN": 7,
    "CV5GLMM GaussianCopula": 47,
    "CV5GLMM MedGAN": 26,
    "CV5GLMM PrivBayes": 70,
    "CV5GLMM SMOTE": 77,
    "CV5GLMM TVAE": 42,
    "CV5GLMM TableGAN": 59,
    "CV5Target CTAB-GAN": 36,
    "CV5Target CTGAN": 12,
    "CV5Target CWGAN-GP": 78,
    "CV5Target CopulaGAN": 51,
    "CV5Target DP-CTGAN": 16,
    "CV5Target GaussianCopula": 52,
    "CV5Target MedGAN": 39,
    "CV5Target PrivBayes": 72,
    "CV5Target SMOTE": 79,
    "CV5Target TVAE": 67,
    "CV5Target TableGAN": 68,
    "CatBoost CTAB-GAN": 53,
    "CatBoost CTGAN": 17,
    "CatBoost CWGAN-GP": 80,
    "CatBoost CopulaGAN": 34,
    "CatBoost DP-CTGAN": 9,
    "CatBoost GaussianCopula": 45,
    "CatBoost MedGAN": 25,
    "CatBoost PrivBayes": 60,
    "CatBoost SMOTE": 81,
    "CatBoost TVAE": 65,
    "CatBoost TableGAN": 58,
    "Count CTAB-GAN": 62,
    "Count CTGAN": 18,
    "Count CWGAN-GP": 82,
    "Count CopulaGAN": 37,
    "Count DP-CTGAN": 5,
    "Count GaussianCopula": 15,
    "Count MedGAN": 4,
    "Count PrivBayes": 73,
    "Count SMOTE": 83,
    "Count TVAE": 30,
    "Count TableGAN": 71,
    "GLMM CTAB-GAN": 24,
    "GLMM CTGAN": 19,
    "GLMM CWGAN-GP": 84,
    "GLMM CopulaGAN": 41,
    "GLMM DP-CTGAN": 8,
    "GLMM GaussianCopula": 48,
    "GLMM MedGAN": 32,
    "GLMM PrivBayes": 66,
    "GLMM SMOTE": 85,
    "GLMM TVAE": 61,
    "GLMM TableGAN": 56,
    "Target CTAB-GAN": 50,
    "Target CTGAN": 20,
    "Target CWGAN-GP": 86,
    "Target CopulaGAN": 55,
    "Target DP-CTGAN": 6,
    "Target GaussianCopula": 49,
    "Target MedGAN": 40,
    "Target PrivBayes": 63,
    "Target SMOTE": 87,
    "Target TVAE": 54,
    "Target TableGAN": 69,
    "nan CTAB-GAN": 13,
    "nan CTGAN": 38,
    "nan CWGAN-GP": 2,
    "nan CopulaGAN": 29,
    "nan DP-CTGAN": 1,
    "nan GaussianCopula": 31,
    "nan MedGAN": 10,
    "nan PrivBayes": 3,
    "nan SMOTE": 22,
    "nan TVAE": 27,
    "nan TableGAN": 0
}