{
    "Binary CTAB-GAN": 44,
    "Binary CTGAN": 45,
    "Binary CWGAN-GP": 21,
    "Binary CopulaGAN": 60,
    "Binary DP-CTGAN": 19,
    "Binary GaussianCopula": 66,
    "Binary MedGAN": 14,
    "Binary PrivBayes": 39,
    "Binary SMOTE": 81,
    "Binary TVAE": 70,
    "Binary TableGAN": 76,
    "CV5GLMM CTAB-GAN": 40,
    "CV5GLMM CTGAN": 49,
    "CV5GLMM CWGAN-GP": 28,
    "CV5GLMM CopulaGAN": 64,
    "CV5GLMM DP-CTGAN": 33,
    "CV5GLMM GaussianCopula": 57,
    "CV5GLMM MedGAN": 3,
    "CV5GLMM PrivBayes": 13,
    "CV5GLMM SMOTE": 77,
    "CV5GLMM TVAE": 73,
    "CV5GLMM TableGAN": 30,
    "CV5Target CTAB-GAN": 47,
    "CV5Target CTGAN": 53,
    "CV5Target CWGAN-GP": 31,
    "CV5Target CopulaGAN": 71,
    "CV5Target DP-CTGAN": 32,
    "CV5Target GaussianCopula": 42,
    "CV5Target MedGAN": 2,
    "CV5Target PrivBayes": 5,
    "CV5Target SMOTE": 74,
    "CV5Target TVAE": 80,
    "CV5Target TableGAN": 11,
    "CatBoost CTAB-GAN": 52,
    "CatBoost CTGAN": 58,
    "CatBoost CWGAN-GP": 36,
    "CatBoost CopulaGAN": 69,
    "CatBoost DP-CTGAN": 37,
    "CatBoost GaussianCopula": 75,
    "CatBoost MedGAN": 0,
    "CatBoost PrivBayes": 1,
    "CatBoost SMOTE": 84,
    "CatBoost TVAE": 87,
    "CatBoost TableGAN": 17,
    "Count CTAB-GAN": 46,
    "Count CTGAN": 50,
    "Count CWGAN-GP": 29,
    "Count CopulaGAN": 67,
    "Count DP-CTGAN": 25,
    "Count GaussianCopula": 63,
    "Count MedGAN": 12,
    "Count PrivBayes": 15,
    "Count SMOTE": 82,
    "Count TVAE": 78,
    "Count TableGAN": 16,
    "GLMM CTAB-GAN": 43,
    "GLMM CTGAN": 54,
    "GLMM CWGAN-GP": 27,
    "GLMM CopulaGAN": 68,
    "GLMM DP-CTGAN": 23,
    "GLMM GaussianCopula": 35,
    "GLMM MedGAN": 6,
    "GLMM PrivBayes": 18,
    "GLMM SMOTE": 72,
    "GLMM TVAE": 62,
    "GLMM TableGAN": 22,
    "Target CTAB-GAN": 51,
    "Target CTGAN": 56,
    "Target CWGAN-GP": 26,
    "Target CopulaGAN": 65,
    "Target DP-CTGAN": 24,
    "Target GaussianCopula": 48,
    "Target MedGAN": 4,
    "Target PrivBayes": 8,
    "Target SMOTE": 55,
    "Target TVAE": 59,
    "Target TableGAN": 9,
    "nan CTAB-GAN": 61,
    "nan CTGAN": 41,
    "nan CWGAN-GP": 38,
    "nan CopulaGAN": 79,
    "nan DP-CTGAN": 34,
    "nan GaussianCopula": 85,
    "nan MedGAN": 7,
    "nan PrivBayes": 20,
    "nan SMOTE": 86,
    "nan TVAE": 83,
    "nan TableGAN": 10
}