{
    "Binary CTAB-GAN": 38,
    "Binary CTGAN": 46,
    "Binary CWGAN-GP": 35,
    "Binary CopulaGAN": 61,
    "Binary DP-CTGAN": 26,
    "Binary GaussianCopula": 83,
    "Binary MedGAN": 8,
    "Binary PrivBayes": 13,
    "Binary SMOTE": 78,
    "Binary TVAE": 74,
    "Binary TableGAN": 33,
    "CV5GLMM CTAB-GAN": 58,
    "CV5GLMM CTGAN": 44,
    "CV5GLMM CWGAN-GP": 25,
    "CV5GLMM CopulaGAN": 47,
    "CV5GLMM DP-CTGAN": 29,
    "CV5GLMM GaussianCopula": 72,
    "CV5GLMM MedGAN": 4,
    "CV5GLMM PrivBayes": 11,
    "CV5GLMM SMOTE": 75,
    "CV5GLMM TVAE": 71,
    "CV5GLMM TableGAN": 19,
    "CV5Target CTAB-GAN": 49,
    "CV5Target CTGAN": 39,
    "CV5Target CWGAN-GP": 20,
    "CV5Target CopulaGAN": 48,
    "CV5Target DP-CTGAN": 27,
    "CV5Target GaussianCopula": 69,
    "CV5Target MedGAN": 2,
    "CV5Target PrivBayes": 9,
    "CV5Target SMOTE": 73,
    "CV5Target TVAE": 70,
    "CV5Target TableGAN": 15,
    "CatBoost CTAB-GAN": 64,
    "CatBoost CTGAN": 52,
    "CatBoost CWGAN-GP": 31,
    "CatBoost CopulaGAN": 54,
    "CatBoost DP-CTGAN": 32,
    "CatBoost GaussianCopula": 82,
    "CatBoost MedGAN": 0,
    "CatBoost PrivBayes": 1,
    "CatBoost SMOTE": 84,
    "CatBoost TVAE": 81,
    "CatBoost TableGAN": 21,
    "Count CTAB-GAN": 62,
    "Count CTGAN": 50,
    "Count CWGAN-GP": 28,
    "Count CopulaGAN": 63,
    "Count DP-CTGAN": 36,
    "Count GaussianCopula": 68,
    "Count MedGAN": 5,
    "Count PrivBayes": 10,
    "Count SMOTE": 86,
    "Count TVAE": 77,
    "Count TableGAN": 16,
    "GLMM CTAB-GAN": 34,
    "GLMM CTGAN": 41,
    "GLMM CWGAN-GP": 17,
    "GLMM CopulaGAN": 53,
    "GLMM DP-CTGAN": 22,
    "GLMM GaussianCopula": 55,
    "GLMM MedGAN": 7,
    "GLMM PrivBayes": 14,
    "GLMM SMOTE": 76,
    "GLMM TVAE": 67,
    "GLMM TableGAN": 23,
    "Target CTAB-GAN": 40,
    "Target CTGAN": 56,
    "Target CWGAN-GP": 18,
    "Target CopulaGAN": 59,
    "Target DP-CTGAN": 24,
    "Target GaussianCopula": 57,
    "Target MedGAN": 43,
    "Target PrivBayes": 12,
    "Target SMOTE": 79,
    "Target TVAE": 65,
    "Target TableGAN": 51,
    "nan CTAB-GAN": 60,
    "nan CTGAN": 42,
    "nan CWGAN-GP": 37,
    "nan CopulaGAN": 66,
    "nan DP-CTGAN": 45,
    "nan GaussianCopula": 85,
    "nan MedGAN": 3,
    "nan PrivBayes": 6,
    "nan SMOTE": 87,
    "nan TVAE": 80,
    "nan TableGAN": 30
}