{
    "Binary CTAB-GAN": 77,
    "Binary CTGAN": 82,
    "Binary CWGAN-GP": 85,
    "Binary CopulaGAN": 81,
    "Binary DP-CTGAN": 87,
    "Binary GaussianCopula": 68,
    "Binary MedGAN": 86,
    "Binary PrivBayes": 84,
    "Binary SMOTE": 6,
    "Binary TVAE": 66,
    "Binary TableGAN": 83,
    "CV5GLMM CTAB-GAN": 38,
    "CV5GLMM CTGAN": 41,
    "CV5GLMM CWGAN-GP": 59,
    "CV5GLMM CopulaGAN": 32,
    "CV5GLMM DP-CTGAN": 80,
    "CV5GLMM GaussianCopula": 46,
    "CV5GLMM MedGAN": 74,
    "CV5GLMM PrivBayes": 62,
    "CV5GLMM SMOTE": 4,
    "CV5GLMM TVAE": 22,
    "CV5GLMM TableGAN": 65,
    "CV5Target CTAB-GAN": 25,
    "CV5Target CTGAN": 33,
    "CV5Target CWGAN-GP": 49,
    "CV5Target CopulaGAN": 19,
    "CV5Target DP-CTGAN": 73,
    "CV5Target GaussianCopula": 36,
    "CV5Target MedGAN": 70,
    "CV5Target PrivBayes": 47,
    "CV5Target SMOTE": 3,
    "CV5Target TVAE": 15,
    "CV5Target TableGAN": 50,
    "CatBoost CTAB-GAN": 30,
    "CatBoost CTGAN": 39,
    "CatBoost CWGAN-GP": 61,
    "CatBoost CopulaGAN": 31,
    "CatBoost DP-CTGAN": 71,
    "CatBoost GaussianCopula": 42,
    "CatBoost MedGAN": 54,
    "CatBoost PrivBayes": 55,
    "CatBoost SMOTE": 5,
    "CatBoost TVAE": 14,
    "CatBoost TableGAN": 44,
    "Count CTAB-GAN": 34,
    "Count CTGAN": 35,
    "Count CWGAN-GP": 63,
    "Count CopulaGAN": 10,
    "Count DP-CTGAN": 78,
    "Count GaussianCopula": 45,
    "Count MedGAN": 79,
    "Count PrivBayes": 64,
    "Count SMOTE": 0,
    "Count TVAE": 16,
    "Count TableGAN": 51,
    "GLMM CTAB-GAN": 28,
    "GLMM CTGAN": 24,
    "GLMM CWGAN-GP": 58,
    "GLMM CopulaGAN": 9,
    "GLMM DP-CTGAN": 76,
    "GLMM GaussianCopula": 37,
    "GLMM MedGAN": 57,
    "GLMM PrivBayes": 52,
    "GLMM SMOTE": 1,
    "GLMM TVAE": 13,
    "GLMM TableGAN": 56,
    "Target CTAB-GAN": 29,
    "Target CTGAN": 26,
    "Target CWGAN-GP": 60,
    "Target CopulaGAN": 12,
    "Target DP-CTGAN": 75,
    "Target GaussianCopula": 21,
    "Target MedGAN": 67,
    "Target PrivBayes": 48,
    "Target SMOTE": 2,
    "Target TVAE": 11,
    "Target TableGAN": 53,
    "nan CTAB-GAN": 23,
    "nan CTGAN": 17,
    "nan CWGAN-GP": 69,
    "nan CopulaGAN": 18,
    "nan DP-CTGAN": 72,
    "nan GaussianCopula": 27,
    "nan MedGAN": 43,
    "nan PrivBayes": 40,
    "nan SMOTE": 7,
    "nan TVAE": 8,
    "nan TableGAN": 20
}