{
    "Binary CTAB-GAN": 44,
    "Binary CTGAN": 42,
    "Binary CWGAN-GP": 85,
    "Binary CopulaGAN": 49,
    "Binary DP-CTGAN": 87,
    "Binary GaussianCopula": 47,
    "Binary MedGAN": 86,
    "Binary PrivBayes": 40,
    "Binary SMOTE": 1,
    "Binary TVAE": 12,
    "Binary TableGAN": 46,
    "CV5GLMM CTAB-GAN": 33,
    "CV5GLMM CTGAN": 45,
    "CV5GLMM CWGAN-GP": 70,
    "CV5GLMM CopulaGAN": 35,
    "CV5GLMM DP-CTGAN": 67,
    "CV5GLMM GaussianCopula": 43,
    "CV5GLMM MedGAN": 81,
    "CV5GLMM PrivBayes": 52,
    "CV5GLMM SMOTE": 4,
    "CV5GLMM TVAE": 15,
    "CV5GLMM TableGAN": 77,
    "CV5Target CTAB-GAN": 29,
    "CV5Target CTGAN": 36,
    "CV5Target CWGAN-GP": 71,
    "CV5Target CopulaGAN": 30,
    "CV5Target DP-CTGAN": 61,
    "CV5Target GaussianCopula": 37,
    "CV5Target MedGAN": 80,
    "CV5Target PrivBayes": 55,
    "CV5Target SMOTE": 3,
    "CV5Target TVAE": 14,
    "CV5Target TableGAN": 58,
    "CatBoost CTAB-GAN": 28,
    "CatBoost CTGAN": 41,
    "CatBoost CWGAN-GP": 73,
    "CatBoost CopulaGAN": 31,
    "CatBoost DP-CTGAN": 57,
    "CatBoost GaussianCopula": 39,
    "CatBoost MedGAN": 76,
    "CatBoost PrivBayes": 75,
    "CatBoost SMOTE": 2,
    "CatBoost TVAE": 13,
    "CatBoost TableGAN": 54,
    "Count CTAB-GAN": 27,
    "Count CTGAN": 26,
    "Count CWGAN-GP": 68,
    "Count CopulaGAN": 22,
    "Count DP-CTGAN": 72,
    "Count GaussianCopula": 48,
    "Count MedGAN": 83,
    "Count PrivBayes": 78,
    "Count SMOTE": 0,
    "Count TVAE": 10,
    "Count TableGAN": 53,
    "GLMM CTAB-GAN": 19,
    "GLMM CTGAN": 25,
    "GLMM CWGAN-GP": 62,
    "GLMM CopulaGAN": 23,
    "GLMM DP-CTGAN": 65,
    "GLMM GaussianCopula": 38,
    "GLMM MedGAN": 63,
    "GLMM PrivBayes": 51,
    "GLMM SMOTE": 5,
    "GLMM TVAE": 11,
    "GLMM TableGAN": 79,
    "Target CTAB-GAN": 16,
    "Target CTGAN": 24,
    "Target CWGAN-GP": 69,
    "Target CopulaGAN": 18,
    "Target DP-CTGAN": 66,
    "Target GaussianCopula": 34,
    "Target MedGAN": 74,
    "Target PrivBayes": 60,
    "Target SMOTE": 6,
    "Target TVAE": 9,
    "Target TableGAN": 56,
    "nan CTAB-GAN": 17,
    "nan CTGAN": 21,
    "nan CWGAN-GP": 59,
    "nan CopulaGAN": 20,
    "nan DP-CTGAN": 64,
    "nan GaussianCopula": 32,
    "nan MedGAN": 50,
    "nan PrivBayes": 84,
    "nan SMOTE": 7,
    "nan TVAE": 8,
    "nan TableGAN": 82
}