{
    "Binary CTAB-GAN": 71,
    "Binary CTGAN": 83,
    "Binary CWGAN-GP": 85,
    "Binary CopulaGAN": 82,
    "Binary DP-CTGAN": 87,
    "Binary GaussianCopula": 60,
    "Binary MedGAN": 86,
    "Binary PrivBayes": 84,
    "Binary SMOTE": 6,
    "Binary TVAE": 46,
    "Binary TableGAN": 42,
    "CV5GLMM CTAB-GAN": 37,
    "CV5GLMM CTGAN": 45,
    "CV5GLMM CWGAN-GP": 68,
    "CV5GLMM CopulaGAN": 39,
    "CV5GLMM DP-CTGAN": 79,
    "CV5GLMM GaussianCopula": 47,
    "CV5GLMM MedGAN": 72,
    "CV5GLMM PrivBayes": 66,
    "CV5GLMM SMOTE": 2,
    "CV5GLMM TVAE": 21,
    "CV5GLMM TableGAN": 67,
    "CV5Target CTAB-GAN": 26,
    "CV5Target CTGAN": 36,
    "CV5Target CWGAN-GP": 55,
    "CV5Target CopulaGAN": 19,
    "CV5Target DP-CTGAN": 76,
    "CV5Target GaussianCopula": 31,
    "CV5Target MedGAN": 64,
    "CV5Target PrivBayes": 53,
    "CV5Target SMOTE": 5,
    "CV5Target TVAE": 14,
    "CV5Target TableGAN": 54,
    "CatBoost CTAB-GAN": 30,
    "CatBoost CTGAN": 41,
    "CatBoost CWGAN-GP": 50,
    "CatBoost CopulaGAN": 20,
    "CatBoost DP-CTGAN": 75,
    "CatBoost GaussianCopula": 43,
    "CatBoost MedGAN": 49,
    "CatBoost PrivBayes": 61,
    "CatBoost SMOTE": 3,
    "CatBoost TVAE": 13,
    "CatBoost TableGAN": 48,
    "Count CTAB-GAN": 29,
    "Count CTGAN": 40,
    "Count CWGAN-GP": 57,
    "Count CopulaGAN": 16,
    "Count DP-CTGAN": 80,
    "Count GaussianCopula": 23,
    "Count MedGAN": 73,
    "Count PrivBayes": 69,
    "Count SMOTE": 0,
    "Count TVAE": 11,
    "Count TableGAN": 58,
    "GLMM CTAB-GAN": 17,
    "GLMM CTGAN": 33,
    "GLMM CWGAN-GP": 59,
    "GLMM CopulaGAN": 15,
    "GLMM DP-CTGAN": 78,
    "GLMM GaussianCopula": 38,
    "GLMM MedGAN": 65,
    "GLMM PrivBayes": 63,
    "GLMM SMOTE": 1,
    "GLMM TVAE": 9,
    "GLMM TableGAN": 70,
    "Target CTAB-GAN": 18,
    "Target CTGAN": 32,
    "Target CWGAN-GP": 56,
    "Target CopulaGAN": 12,
    "Target DP-CTGAN": 77,
    "Target GaussianCopula": 34,
    "Target MedGAN": 62,
    "Target PrivBayes": 52,
    "Target SMOTE": 4,
    "Target TVAE": 10,
    "Target TableGAN": 51,
    "nan CTAB-GAN": 28,
    "nan CTGAN": 22,
    "nan CWGAN-GP": 74,
    "nan CopulaGAN": 27,
    "nan DP-CTGAN": 81,
    "nan GaussianCopula": 24,
    "nan MedGAN": 44,
    "nan PrivBayes": 35,
    "nan SMOTE": 7,
    "nan TVAE": 8,
    "nan TableGAN": 25
}