{
    "Binary CTAB-GAN": 77,
    "Binary CTGAN": 81,
    "Binary CWGAN-GP": 86,
    "Binary CopulaGAN": 73,
    "Binary DP-CTGAN": 87,
    "Binary GaussianCopula": 43,
    "Binary MedGAN": 85,
    "Binary PrivBayes": 84,
    "Binary SMOTE": 6,
    "Binary TVAE": 29,
    "Binary TableGAN": 38,
    "CV5GLMM CTAB-GAN": 39,
    "CV5GLMM CTGAN": 46,
    "CV5GLMM CWGAN-GP": 69,
    "CV5GLMM CopulaGAN": 40,
    "CV5GLMM DP-CTGAN": 78,
    "CV5GLMM GaussianCopula": 45,
    "CV5GLMM MedGAN": 63,
    "CV5GLMM PrivBayes": 51,
    "CV5GLMM SMOTE": 1,
    "CV5GLMM TVAE": 15,
    "CV5GLMM TableGAN": 57,
    "CV5Target CTAB-GAN": 35,
    "CV5Target CTGAN": 34,
    "CV5Target CWGAN-GP": 70,
    "CV5Target CopulaGAN": 25,
    "CV5Target DP-CTGAN": 68,
    "CV5Target GaussianCopula": 41,
    "CV5Target MedGAN": 72,
    "CV5Target PrivBayes": 58,
    "CV5Target SMOTE": 4,
    "CV5Target TVAE": 13,
    "CV5Target TableGAN": 50,
    "CatBoost CTAB-GAN": 33,
    "CatBoost CTGAN": 44,
    "CatBoost CWGAN-GP": 65,
    "CatBoost CopulaGAN": 24,
    "CatBoost DP-CTGAN": 59,
    "CatBoost GaussianCopula": 42,
    "CatBoost MedGAN": 54,
    "CatBoost PrivBayes": 56,
    "CatBoost SMOTE": 3,
    "CatBoost TVAE": 14,
    "CatBoost TableGAN": 49,
    "Count CTAB-GAN": 27,
    "Count CTGAN": 19,
    "Count CWGAN-GP": 60,
    "Count CopulaGAN": 12,
    "Count DP-CTGAN": 79,
    "Count GaussianCopula": 30,
    "Count MedGAN": 83,
    "Count PrivBayes": 82,
    "Count SMOTE": 0,
    "Count TVAE": 11,
    "Count TableGAN": 53,
    "GLMM CTAB-GAN": 28,
    "GLMM CTGAN": 20,
    "GLMM CWGAN-GP": 64,
    "GLMM CopulaGAN": 17,
    "GLMM DP-CTGAN": 75,
    "GLMM GaussianCopula": 36,
    "GLMM MedGAN": 76,
    "GLMM PrivBayes": 66,
    "GLMM SMOTE": 2,
    "GLMM TVAE": 9,
    "GLMM TableGAN": 52,
    "Target CTAB-GAN": 31,
    "Target CTGAN": 22,
    "Target CWGAN-GP": 71,
    "Target CopulaGAN": 16,
    "Target DP-CTGAN": 74,
    "Target GaussianCopula": 47,
    "Target MedGAN": 80,
    "Target PrivBayes": 61,
    "Target SMOTE": 5,
    "Target TVAE": 10,
    "Target TableGAN": 67,
    "nan CTAB-GAN": 32,
    "nan CTGAN": 21,
    "nan CWGAN-GP": 55,
    "nan CopulaGAN": 18,
    "nan DP-CTGAN": 62,
    "nan GaussianCopula": 23,
    "nan MedGAN": 48,
    "nan PrivBayes": 37,
    "nan SMOTE": 8,
    "nan TVAE": 7,
    "nan TableGAN": 26
}