{
    "Binary CTAB-GAN": 64,
    "Binary CTGAN": 82,
    "Binary CWGAN-GP": 85,
    "Binary CopulaGAN": 81,
    "Binary DP-CTGAN": 87,
    "Binary GaussianCopula": 62,
    "Binary MedGAN": 86,
    "Binary PrivBayes": 83,
    "Binary SMOTE": 6,
    "Binary TVAE": 40,
    "Binary TableGAN": 84,
    "CV5GLMM CTAB-GAN": 30,
    "CV5GLMM CTGAN": 46,
    "CV5GLMM CWGAN-GP": 59,
    "CV5GLMM CopulaGAN": 27,
    "CV5GLMM DP-CTGAN": 75,
    "CV5GLMM GaussianCopula": 38,
    "CV5GLMM MedGAN": 77,
    "CV5GLMM PrivBayes": 54,
    "CV5GLMM SMOTE": 5,
    "CV5GLMM TVAE": 19,
    "CV5GLMM TableGAN": 63,
    "CV5Target CTAB-GAN": 18,
    "CV5Target CTGAN": 33,
    "CV5Target CWGAN-GP": 49,
    "CV5Target CopulaGAN": 15,
    "CV5Target DP-CTGAN": 68,
    "CV5Target GaussianCopula": 42,
    "CV5Target MedGAN": 70,
    "CV5Target PrivBayes": 47,
    "CV5Target SMOTE": 3,
    "CV5Target TVAE": 10,
    "CV5Target TableGAN": 61,
    "CatBoost CTAB-GAN": 23,
    "CatBoost CTGAN": 37,
    "CatBoost CWGAN-GP": 51,
    "CatBoost CopulaGAN": 24,
    "CatBoost DP-CTGAN": 69,
    "CatBoost GaussianCopula": 28,
    "CatBoost MedGAN": 71,
    "CatBoost PrivBayes": 52,
    "CatBoost SMOTE": 4,
    "CatBoost TVAE": 14,
    "CatBoost TableGAN": 66,
    "Count CTAB-GAN": 20,
    "Count CTGAN": 35,
    "Count CWGAN-GP": 53,
    "Count CopulaGAN": 17,
    "Count DP-CTGAN": 78,
    "Count GaussianCopula": 44,
    "Count MedGAN": 79,
    "Count PrivBayes": 72,
    "Count SMOTE": 1,
    "Count TVAE": 12,
    "Count TableGAN": 43,
    "GLMM CTAB-GAN": 21,
    "GLMM CTGAN": 34,
    "GLMM CWGAN-GP": 48,
    "GLMM CopulaGAN": 16,
    "GLMM DP-CTGAN": 74,
    "GLMM GaussianCopula": 39,
    "GLMM MedGAN": 67,
    "GLMM PrivBayes": 41,
    "GLMM SMOTE": 0,
    "GLMM TVAE": 8,
    "GLMM TableGAN": 65,
    "Target CTAB-GAN": 22,
    "Target CTGAN": 29,
    "Target CWGAN-GP": 57,
    "Target CopulaGAN": 13,
    "Target DP-CTGAN": 73,
    "Target GaussianCopula": 45,
    "Target MedGAN": 80,
    "Target PrivBayes": 56,
    "Target SMOTE": 2,
    "Target TVAE": 9,
    "Target TableGAN": 58,
    "nan CTAB-GAN": 31,
    "nan CTGAN": 26,
    "nan CWGAN-GP": 60,
    "nan CopulaGAN": 25,
    "nan DP-CTGAN": 76,
    "nan GaussianCopula": 36,
    "nan MedGAN": 55,
    "nan PrivBayes": 32,
    "nan SMOTE": 7,
    "nan TVAE": 11,
    "nan TableGAN": 50
}