{
    "Binary CTAB-GAN": 52,
    "Binary CTGAN": 35,
    "Binary CWGAN-GP": 85,
    "Binary CopulaGAN": 28,
    "Binary DP-CTGAN": 86,
    "Binary GaussianCopula": 18,
    "Binary MedGAN": 87,
    "Binary PrivBayes": 11,
    "Binary SMOTE": 27,
    "Binary TVAE": 55,
    "Binary TableGAN": 9,
    "CV5GLMM CTAB-GAN": 41,
    "CV5GLMM CTGAN": 53,
    "CV5GLMM CWGAN-GP": 67,
    "CV5GLMM CopulaGAN": 44,
    "CV5GLMM DP-CTGAN": 60,
    "CV5GLMM GaussianCopula": 50,
    "CV5GLMM MedGAN": 70,
    "CV5GLMM PrivBayes": 74,
    "CV5GLMM SMOTE": 3,
    "CV5GLMM TVAE": 13,
    "CV5GLMM TableGAN": 71,
    "CV5Target CTAB-GAN": 38,
    "CV5Target CTGAN": 57,
    "CV5Target CWGAN-GP": 64,
    "CV5Target CopulaGAN": 42,
    "CV5Target DP-CTGAN": 62,
    "CV5Target GaussianCopula": 46,
    "CV5Target MedGAN": 76,
    "CV5Target PrivBayes": 75,
    "CV5Target SMOTE": 4,
    "CV5Target TVAE": 14,
    "CV5Target TableGAN": 69,
    "CatBoost CTAB-GAN": 30,
    "CatBoost CTGAN": 51,
    "CatBoost CWGAN-GP": 48,
    "CatBoost CopulaGAN": 32,
    "CatBoost DP-CTGAN": 54,
    "CatBoost GaussianCopula": 36,
    "CatBoost MedGAN": 47,
    "CatBoost PrivBayes": 56,
    "CatBoost SMOTE": 8,
    "CatBoost TVAE": 19,
    "CatBoost TableGAN": 43,
    "Count CTAB-GAN": 12,
    "Count CTGAN": 49,
    "Count CWGAN-GP": 72,
    "Count CopulaGAN": 15,
    "Count DP-CTGAN": 65,
    "Count GaussianCopula": 25,
    "Count MedGAN": 78,
    "Count PrivBayes": 79,
    "Count SMOTE": 6,
    "Count TVAE": 33,
    "Count TableGAN": 68,
    "GLMM CTAB-GAN": 21,
    "GLMM CTGAN": 58,
    "GLMM CWGAN-GP": 61,
    "GLMM CopulaGAN": 31,
    "GLMM DP-CTGAN": 59,
    "GLMM GaussianCopula": 34,
    "GLMM MedGAN": 77,
    "GLMM PrivBayes": 80,
    "GLMM SMOTE": 1,
    "GLMM TVAE": 23,
    "GLMM TableGAN": 81,
    "Target CTAB-GAN": 10,
    "Target CTGAN": 45,
    "Target CWGAN-GP": 66,
    "Target CopulaGAN": 20,
    "Target DP-CTGAN": 63,
    "Target GaussianCopula": 40,
    "Target MedGAN": 82,
    "Target PrivBayes": 83,
    "Target SMOTE": 2,
    "Target TVAE": 29,
    "Target TableGAN": 84,
    "nan CTAB-GAN": 37,
    "nan CTGAN": 24,
    "nan CWGAN-GP": 0,
    "nan CopulaGAN": 26,
    "nan DP-CTGAN": 16,
    "nan GaussianCopula": 22,
    "nan MedGAN": 39,
    "nan PrivBayes": 5,
    "nan SMOTE": 17,
    "nan TVAE": 7,
    "nan TableGAN": 73
}