{
    "Binary CTAB-GAN": 50,
    "Binary CTGAN": 40,
    "Binary CWGAN-GP": 85,
    "Binary CopulaGAN": 48,
    "Binary DP-CTGAN": 86,
    "Binary GaussianCopula": 21,
    "Binary MedGAN": 87,
    "Binary PrivBayes": 10,
    "Binary SMOTE": 35,
    "Binary TVAE": 52,
    "Binary TableGAN": 11,
    "CV5GLMM CTAB-GAN": 28,
    "CV5GLMM CTGAN": 46,
    "CV5GLMM CWGAN-GP": 68,
    "CV5GLMM CopulaGAN": 42,
    "CV5GLMM DP-CTGAN": 61,
    "CV5GLMM GaussianCopula": 55,
    "CV5GLMM MedGAN": 75,
    "CV5GLMM PrivBayes": 69,
    "CV5GLMM SMOTE": 5,
    "CV5GLMM TVAE": 14,
    "CV5GLMM TableGAN": 67,
    "CV5Target CTAB-GAN": 36,
    "CV5Target CTGAN": 44,
    "CV5Target CWGAN-GP": 66,
    "CV5Target CopulaGAN": 38,
    "CV5Target DP-CTGAN": 60,
    "CV5Target GaussianCopula": 53,
    "CV5Target MedGAN": 79,
    "CV5Target PrivBayes": 72,
    "CV5Target SMOTE": 7,
    "CV5Target TVAE": 16,
    "CV5Target TableGAN": 64,
    "CatBoost CTAB-GAN": 22,
    "CatBoost CTGAN": 47,
    "CatBoost CWGAN-GP": 45,
    "CatBoost CopulaGAN": 23,
    "CatBoost DP-CTGAN": 57,
    "CatBoost GaussianCopula": 49,
    "CatBoost MedGAN": 58,
    "CatBoost PrivBayes": 56,
    "CatBoost SMOTE": 6,
    "CatBoost TVAE": 20,
    "CatBoost TableGAN": 43,
    "Count CTAB-GAN": 29,
    "Count CTGAN": 39,
    "Count CWGAN-GP": 76,
    "Count CopulaGAN": 30,
    "Count DP-CTGAN": 65,
    "Count GaussianCopula": 54,
    "Count MedGAN": 83,
    "Count PrivBayes": 81,
    "Count SMOTE": 4,
    "Count TVAE": 17,
    "Count TableGAN": 74,
    "GLMM CTAB-GAN": 15,
    "GLMM CTGAN": 41,
    "GLMM CWGAN-GP": 71,
    "GLMM CopulaGAN": 26,
    "GLMM DP-CTGAN": 62,
    "GLMM GaussianCopula": 31,
    "GLMM MedGAN": 78,
    "GLMM PrivBayes": 84,
    "GLMM SMOTE": 1,
    "GLMM TVAE": 18,
    "GLMM TableGAN": 82,
    "Target CTAB-GAN": 12,
    "Target CTGAN": 37,
    "Target CWGAN-GP": 70,
    "Target CopulaGAN": 32,
    "Target DP-CTGAN": 59,
    "Target GaussianCopula": 19,
    "Target MedGAN": 80,
    "Target PrivBayes": 77,
    "Target SMOTE": 0,
    "Target TVAE": 13,
    "Target TableGAN": 63,
    "nan CTAB-GAN": 33,
    "nan CTGAN": 24,
    "nan CWGAN-GP": 2,
    "nan CopulaGAN": 34,
    "nan DP-CTGAN": 8,
    "nan GaussianCopula": 27,
    "nan MedGAN": 51,
    "nan PrivBayes": 3,
    "nan SMOTE": 25,
    "nan TVAE": 9,
    "nan TableGAN": 73
}