{
    "Binary CTAB-GAN": 70,
    "Binary CTGAN": 73,
    "Binary CWGAN-GP": 86,
    "Binary CopulaGAN": 72,
    "Binary DP-CTGAN": 87,
    "Binary GaussianCopula": 71,
    "Binary MedGAN": 85,
    "Binary PrivBayes": 74,
    "Binary SMOTE": 15,
    "Binary TVAE": 48,
    "Binary TableGAN": 64,
    "CV5GLMM CTAB-GAN": 28,
    "CV5GLMM CTGAN": 38,
    "CV5GLMM CWGAN-GP": 52,
    "CV5GLMM CopulaGAN": 25,
    "CV5GLMM DP-CTGAN": 57,
    "CV5GLMM GaussianCopula": 43,
    "CV5GLMM MedGAN": 67,
    "CV5GLMM PrivBayes": 75,
    "CV5GLMM SMOTE": 3,
    "CV5GLMM TVAE": 17,
    "CV5GLMM TableGAN": 68,
    "CV5Target CTAB-GAN": 27,
    "CV5Target CTGAN": 32,
    "CV5Target CWGAN-GP": 54,
    "CV5Target CopulaGAN": 22,
    "CV5Target DP-CTGAN": 59,
    "CV5Target GaussianCopula": 40,
    "CV5Target MedGAN": 80,
    "CV5Target PrivBayes": 76,
    "CV5Target SMOTE": 2,
    "CV5Target TVAE": 13,
    "CV5Target TableGAN": 46,
    "CatBoost CTAB-GAN": 26,
    "CatBoost CTGAN": 35,
    "CatBoost CWGAN-GP": 55,
    "CatBoost CopulaGAN": 24,
    "CatBoost DP-CTGAN": 49,
    "CatBoost GaussianCopula": 39,
    "CatBoost MedGAN": 45,
    "CatBoost PrivBayes": 50,
    "CatBoost SMOTE": 6,
    "CatBoost TVAE": 19,
    "CatBoost TableGAN": 44,
    "Count CTAB-GAN": 29,
    "Count CTGAN": 21,
    "Count CWGAN-GP": 65,
    "Count CopulaGAN": 16,
    "Count DP-CTGAN": 58,
    "Count GaussianCopula": 42,
    "Count MedGAN": 78,
    "Count PrivBayes": 79,
    "Count SMOTE": 4,
    "Count TVAE": 23,
    "Count TableGAN": 61,
    "GLMM CTAB-GAN": 7,
    "GLMM CTGAN": 18,
    "GLMM CWGAN-GP": 53,
    "GLMM CopulaGAN": 9,
    "GLMM DP-CTGAN": 60,
    "GLMM GaussianCopula": 30,
    "GLMM MedGAN": 56,
    "GLMM PrivBayes": 82,
    "GLMM SMOTE": 0,
    "GLMM TVAE": 12,
    "GLMM TableGAN": 83,
    "Target CTAB-GAN": 8,
    "Target CTGAN": 20,
    "Target CWGAN-GP": 69,
    "Target CopulaGAN": 10,
    "Target DP-CTGAN": 63,
    "Target GaussianCopula": 31,
    "Target MedGAN": 81,
    "Target PrivBayes": 84,
    "Target SMOTE": 1,
    "Target TVAE": 11,
    "Target TableGAN": 77,
    "nan CTAB-GAN": 36,
    "nan CTGAN": 41,
    "nan CWGAN-GP": 47,
    "nan CopulaGAN": 33,
    "nan DP-CTGAN": 51,
    "nan GaussianCopula": 37,
    "nan MedGAN": 34,
    "nan PrivBayes": 62,
    "nan SMOTE": 14,
    "nan TVAE": 5,
    "nan TableGAN": 66
}