{
    "Binary CTAB-GAN": 42,
    "Binary CTGAN": 49,
    "Binary CopulaGAN": 50,
    "Binary DP-CTGAN": 19,
    "Binary GaussianCopula": 48,
    "Binary MedGAN": 6,
    "Binary PrivBayes": 15,
    "Binary TVAE": 72,
    "Binary TableGAN": 39,
    "Binary WGAN-GP": 35,
    "CV5GLMM CTAB-GAN": 47,
    "CV5GLMM CTGAN": 56,
    "CV5GLMM CopulaGAN": 67,
    "CV5GLMM DP-CTGAN": 28,
    "CV5GLMM GaussianCopula": 70,
    "CV5GLMM MedGAN": 4,
    "CV5GLMM PrivBayes": 14,
    "CV5GLMM TVAE": 75,
    "CV5GLMM TableGAN": 23,
    "CV5GLMM WGAN-GP": 36,
    "CV5Target CTAB-GAN": 43,
    "CV5Target CTGAN": 52,
    "CV5Target CopulaGAN": 53,
    "CV5Target DP-CTGAN": 29,
    "CV5Target GaussianCopula": 66,
    "CV5Target MedGAN": 0,
    "CV5Target PrivBayes": 9,
    "CV5Target TVAE": 76,
    "CV5Target TableGAN": 17,
    "CV5Target WGAN-GP": 32,
    "CatBoost CTAB-GAN": 40,
    "CatBoost CTGAN": 61,
    "CatBoost CopulaGAN": 62,
    "CatBoost DP-CTGAN": 30,
    "CatBoost GaussianCopula": 54,
    "CatBoost MedGAN": 8,
    "CatBoost PrivBayes": 10,
    "CatBoost TVAE": 77,
    "CatBoost TableGAN": 18,
    "CatBoost WGAN-GP": 33,
    "Count CTAB-GAN": 41,
    "Count CTGAN": 57,
    "Count CopulaGAN": 63,
    "Count DP-CTGAN": 24,
    "Count GaussianCopula": 51,
    "Count MedGAN": 5,
    "Count PrivBayes": 11,
    "Count TVAE": 73,
    "Count TableGAN": 20,
    "Count WGAN-GP": 37,
    "GLMM CTAB-GAN": 45,
    "GLMM CTGAN": 58,
    "GLMM CopulaGAN": 68,
    "GLMM DP-CTGAN": 25,
    "GLMM GaussianCopula": 69,
    "GLMM MedGAN": 1,
    "GLMM PrivBayes": 12,
    "GLMM TVAE": 78,
    "GLMM TableGAN": 21,
    "GLMM WGAN-GP": 34,
    "Target CTAB-GAN": 46,
    "Target CTGAN": 64,
    "Target CopulaGAN": 59,
    "Target DP-CTGAN": 26,
    "Target GaussianCopula": 65,
    "Target MedGAN": 2,
    "Target PrivBayes": 13,
    "Target TVAE": 74,
    "Target TableGAN": 16,
    "Target WGAN-GP": 31,
    "nan CTAB-GAN": 44,
    "nan CTGAN": 55,
    "nan CopulaGAN": 60,
    "nan DP-CTGAN": 27,
    "nan GaussianCopula": 71,
    "nan MedGAN": 3,
    "nan PrivBayes": 7,
    "nan TVAE": 79,
    "nan TableGAN": 22,
    "nan WGAN-GP": 38
}