{
    "Binary CTAB-GAN": 58,
    "Binary CTGAN": 43,
    "Binary CopulaGAN": 41,
    "Binary DP-CTGAN": 12,
    "Binary GaussianCopula": 64,
    "Binary MedGAN": 9,
    "Binary PrivBayes": 10,
    "Binary TVAE": 65,
    "Binary TableGAN": 47,
    "Binary WGAN-GP": 24,
    "CV5GLMM CTAB-GAN": 66,
    "CV5GLMM CTGAN": 45,
    "CV5GLMM CopulaGAN": 52,
    "CV5GLMM DP-CTGAN": 20,
    "CV5GLMM GaussianCopula": 59,
    "CV5GLMM MedGAN": 35,
    "CV5GLMM PrivBayes": 6,
    "CV5GLMM TVAE": 75,
    "CV5GLMM TableGAN": 31,
    "CV5GLMM WGAN-GP": 27,
    "CV5Target CTAB-GAN": 67,
    "CV5Target CTGAN": 54,
    "CV5Target CopulaGAN": 56,
    "CV5Target DP-CTGAN": 17,
    "CV5Target GaussianCopula": 62,
    "CV5Target MedGAN": 4,
    "CV5Target PrivBayes": 7,
    "CV5Target TVAE": 76,
    "CV5Target TableGAN": 11,
    "CV5Target WGAN-GP": 28,
    "CatBoost CTAB-GAN": 71,
    "CatBoost CTGAN": 55,
    "CatBoost CopulaGAN": 57,
    "CatBoost DP-CTGAN": 18,
    "CatBoost GaussianCopula": 69,
    "CatBoost MedGAN": 0,
    "CatBoost PrivBayes": 1,
    "CatBoost TVAE": 79,
    "CatBoost TableGAN": 21,
    "CatBoost WGAN-GP": 29,
    "Count CTAB-GAN": 68,
    "Count CTGAN": 44,
    "Count CopulaGAN": 53,
    "Count DP-CTGAN": 13,
    "Count GaussianCopula": 61,
    "Count MedGAN": 5,
    "Count PrivBayes": 8,
    "Count TVAE": 77,
    "Count TableGAN": 14,
    "Count WGAN-GP": 22,
    "GLMM CTAB-GAN": 49,
    "GLMM CTGAN": 39,
    "GLMM CopulaGAN": 42,
    "GLMM DP-CTGAN": 15,
    "GLMM GaussianCopula": 70,
    "GLMM MedGAN": 36,
    "GLMM PrivBayes": 37,
    "GLMM TVAE": 48,
    "GLMM TableGAN": 23,
    "GLMM WGAN-GP": 25,
    "Target CTAB-GAN": 63,
    "Target CTGAN": 51,
    "Target CopulaGAN": 40,
    "Target DP-CTGAN": 16,
    "Target GaussianCopula": 60,
    "Target MedGAN": 33,
    "Target PrivBayes": 34,
    "Target TVAE": 74,
    "Target TableGAN": 38,
    "Target WGAN-GP": 26,
    "nan CTAB-GAN": 72,
    "nan CTGAN": 46,
    "nan CopulaGAN": 50,
    "nan DP-CTGAN": 19,
    "nan GaussianCopula": 73,
    "nan MedGAN": 2,
    "nan PrivBayes": 3,
    "nan TVAE": 78,
    "nan TableGAN": 32,
    "nan WGAN-GP": 30
}