{
    "Binary CTAB-GAN": 24,
    "Binary CTGAN": 41,
    "Binary CopulaGAN": 47,
    "Binary DP-CTGAN": 16,
    "Binary GaussianCopula": 71,
    "Binary MedGAN": 15,
    "Binary PrivBayes": 28,
    "Binary TVAE": 29,
    "Binary TableGAN": 52,
    "Binary WGAN-GP": 17,
    "CV5GLMM CTAB-GAN": 30,
    "CV5GLMM CTGAN": 31,
    "CV5GLMM CopulaGAN": 63,
    "CV5GLMM DP-CTGAN": 26,
    "CV5GLMM GaussianCopula": 58,
    "CV5GLMM MedGAN": 32,
    "CV5GLMM PrivBayes": 33,
    "CV5GLMM TVAE": 38,
    "CV5GLMM TableGAN": 34,
    "CV5GLMM WGAN-GP": 23,
    "CV5Target CTAB-GAN": 50,
    "CV5Target CTGAN": 64,
    "CV5Target CopulaGAN": 66,
    "CV5Target DP-CTGAN": 25,
    "CV5Target GaussianCopula": 59,
    "CV5Target MedGAN": 8,
    "CV5Target PrivBayes": 5,
    "CV5Target TVAE": 62,
    "CV5Target TableGAN": 9,
    "CV5Target WGAN-GP": 22,
    "CatBoost CTAB-GAN": 65,
    "CatBoost CTGAN": 72,
    "CatBoost CopulaGAN": 76,
    "CatBoost DP-CTGAN": 39,
    "CatBoost GaussianCopula": 77,
    "CatBoost MedGAN": 0,
    "CatBoost PrivBayes": 1,
    "CatBoost TVAE": 79,
    "CatBoost TableGAN": 3,
    "CatBoost WGAN-GP": 27,
    "Count CTAB-GAN": 49,
    "Count CTGAN": 60,
    "Count CopulaGAN": 70,
    "Count DP-CTGAN": 43,
    "Count GaussianCopula": 53,
    "Count MedGAN": 6,
    "Count PrivBayes": 4,
    "Count TVAE": 44,
    "Count TableGAN": 10,
    "Count WGAN-GP": 18,
    "GLMM CTAB-GAN": 48,
    "GLMM CTGAN": 46,
    "GLMM CopulaGAN": 68,
    "GLMM DP-CTGAN": 40,
    "GLMM GaussianCopula": 55,
    "GLMM MedGAN": 2,
    "GLMM PrivBayes": 12,
    "GLMM TVAE": 45,
    "GLMM TableGAN": 7,
    "GLMM WGAN-GP": 19,
    "Target CTAB-GAN": 56,
    "Target CTGAN": 57,
    "Target CopulaGAN": 67,
    "Target DP-CTGAN": 20,
    "Target GaussianCopula": 51,
    "Target MedGAN": 35,
    "Target PrivBayes": 36,
    "Target TVAE": 42,
    "Target TableGAN": 37,
    "Target WGAN-GP": 21,
    "nan CTAB-GAN": 69,
    "nan CTGAN": 73,
    "nan CopulaGAN": 75,
    "nan DP-CTGAN": 61,
    "nan GaussianCopula": 74,
    "nan MedGAN": 13,
    "nan PrivBayes": 11,
    "nan TVAE": 78,
    "nan TableGAN": 14,
    "nan WGAN-GP": 54
}