{
    "Binary CTAB-GAN": 39,
    "Binary CTGAN": 40,
    "Binary CopulaGAN": 42,
    "Binary DP-CTGAN": 16,
    "Binary GaussianCopula": 70,
    "Binary MedGAN": 7,
    "Binary PrivBayes": 15,
    "Binary TVAE": 72,
    "Binary TableGAN": 41,
    "Binary WGAN-GP": 24,
    "CV5GLMM CTAB-GAN": 43,
    "CV5GLMM CTGAN": 64,
    "CV5GLMM CopulaGAN": 65,
    "CV5GLMM DP-CTGAN": 17,
    "CV5GLMM GaussianCopula": 66,
    "CV5GLMM MedGAN": 0,
    "CV5GLMM PrivBayes": 12,
    "CV5GLMM TVAE": 75,
    "CV5GLMM TableGAN": 38,
    "CV5GLMM WGAN-GP": 25,
    "CV5Target CTAB-GAN": 50,
    "CV5Target CTGAN": 55,
    "CV5Target CopulaGAN": 67,
    "CV5Target DP-CTGAN": 18,
    "CV5Target GaussianCopula": 46,
    "CV5Target MedGAN": 5,
    "CV5Target PrivBayes": 9,
    "CV5Target TVAE": 76,
    "CV5Target TableGAN": 34,
    "CV5Target WGAN-GP": 26,
    "CatBoost CTAB-GAN": 48,
    "CatBoost CTGAN": 59,
    "CatBoost CopulaGAN": 62,
    "CatBoost DP-CTGAN": 21,
    "CatBoost GaussianCopula": 71,
    "CatBoost MedGAN": 1,
    "CatBoost PrivBayes": 10,
    "CatBoost TVAE": 77,
    "CatBoost TableGAN": 32,
    "CatBoost WGAN-GP": 27,
    "Count CTAB-GAN": 44,
    "Count CTGAN": 49,
    "Count CopulaGAN": 60,
    "Count DP-CTGAN": 22,
    "Count GaussianCopula": 68,
    "Count MedGAN": 2,
    "Count PrivBayes": 13,
    "Count TVAE": 78,
    "Count TableGAN": 36,
    "Count WGAN-GP": 28,
    "GLMM CTAB-GAN": 51,
    "GLMM CTGAN": 57,
    "GLMM CopulaGAN": 61,
    "GLMM DP-CTGAN": 19,
    "GLMM GaussianCopula": 52,
    "GLMM MedGAN": 3,
    "GLMM PrivBayes": 11,
    "GLMM TVAE": 73,
    "GLMM TableGAN": 35,
    "GLMM WGAN-GP": 29,
    "Target CTAB-GAN": 53,
    "Target CTGAN": 58,
    "Target CopulaGAN": 63,
    "Target DP-CTGAN": 23,
    "Target GaussianCopula": 54,
    "Target MedGAN": 6,
    "Target PrivBayes": 14,
    "Target TVAE": 74,
    "Target TableGAN": 33,
    "Target WGAN-GP": 30,
    "nan CTAB-GAN": 56,
    "nan CTGAN": 47,
    "nan CopulaGAN": 69,
    "nan DP-CTGAN": 20,
    "nan GaussianCopula": 45,
    "nan MedGAN": 4,
    "nan PrivBayes": 8,
    "nan TVAE": 79,
    "nan TableGAN": 37,
    "nan WGAN-GP": 31
}