{
    "Binary CTAB-GAN": 44,
    "Binary CTGAN": 6,
    "Binary CWGAN-GP": 74,
    "Binary CopulaGAN": 39,
    "Binary DP-CTGAN": 20,
    "Binary GaussianCopula": 60,
    "Binary MedGAN": 16,
    "Binary PrivBayes": 55,
    "Binary SMOTE": 75,
    "Binary TVAE": 27,
    "Binary TableGAN": 69,
    "CV5GLMM CTAB-GAN": 48,
    "CV5GLMM CTGAN": 8,
    "CV5GLMM CWGAN-GP": 76,
    "CV5GLMM CopulaGAN": 49,
    "CV5GLMM DP-CTGAN": 7,
    "CV5GLMM GaussianCopula": 62,
    "CV5GLMM MedGAN": 9,
    "CV5GLMM PrivBayes": 66,
    "CV5GLMM SMOTE": 77,
    "CV5GLMM TVAE": 38,
    "CV5GLMM TableGAN": 33,
    "CV5Target CTAB-GAN": 35,
    "CV5Target CTGAN": 10,
    "CV5Target CWGAN-GP": 78,
    "CV5Target CopulaGAN": 45,
    "CV5Target DP-CTGAN": 21,
    "CV5Target GaussianCopula": 46,
    "CV5Target MedGAN": 5,
    "CV5Target PrivBayes": 71,
    "CV5Target SMOTE": 79,
    "CV5Target TVAE": 59,
    "CV5Target TableGAN": 67,
    "CatBoost CTAB-GAN": 54,
    "CatBoost CTGAN": 11,
    "CatBoost CWGAN-GP": 80,
    "CatBoost CopulaGAN": 53,
    "CatBoost DP-CTGAN": 22,
    "CatBoost GaussianCopula": 68,
    "CatBoost MedGAN": 23,
    "CatBoost PrivBayes": 72,
    "CatBoost SMOTE": 81,
    "CatBoost TVAE": 56,
    "CatBoost TableGAN": 70,
    "Count CTAB-GAN": 52,
    "Count CTGAN": 12,
    "Count CWGAN-GP": 82,
    "Count CopulaGAN": 36,
    "Count DP-CTGAN": 15,
    "Count GaussianCopula": 47,
    "Count MedGAN": 2,
    "Count PrivBayes": 57,
    "Count SMOTE": 83,
    "Count TVAE": 41,
    "Count TableGAN": 51,
    "GLMM CTAB-GAN": 50,
    "GLMM CTGAN": 13,
    "GLMM CWGAN-GP": 84,
    "GLMM CopulaGAN": 40,
    "GLMM DP-CTGAN": 19,
    "GLMM GaussianCopula": 42,
    "GLMM MedGAN": 17,
    "GLMM PrivBayes": 64,
    "GLMM SMOTE": 85,
    "GLMM TVAE": 58,
    "GLMM TableGAN": 61,
    "Target CTAB-GAN": 32,
    "Target CTGAN": 14,
    "Target CWGAN-GP": 86,
    "Target CopulaGAN": 37,
    "Target DP-CTGAN": 18,
    "Target GaussianCopula": 63,
    "Target MedGAN": 25,
    "Target PrivBayes": 73,
    "Target SMOTE": 87,
    "Target TVAE": 43,
    "Target TableGAN": 65,
    "nan CTAB-GAN": 31,
    "nan CTGAN": 29,
    "nan CWGAN-GP": 4,
    "nan CopulaGAN": 28,
    "nan DP-CTGAN": 3,
    "nan GaussianCopula": 24,
    "nan MedGAN": 26,
    "nan PrivBayes": 0,
    "nan SMOTE": 30,
    "nan TVAE": 34,
    "nan TableGAN": 1
}