{
    "Binary CTAB-GAN": 47,
    "Binary CTGAN": 10,
    "Binary CWGAN-GP": 74,
    "Binary CopulaGAN": 29,
    "Binary DP-CTGAN": 33,
    "Binary GaussianCopula": 72,
    "Binary MedGAN": 11,
    "Binary PrivBayes": 25,
    "Binary SMOTE": 75,
    "Binary TVAE": 26,
    "Binary TableGAN": 67,
    "CV5GLMM CTAB-GAN": 42,
    "CV5GLMM CTGAN": 27,
    "CV5GLMM CWGAN-GP": 76,
    "CV5GLMM CopulaGAN": 24,
    "CV5GLMM DP-CTGAN": 68,
    "CV5GLMM GaussianCopula": 62,
    "CV5GLMM MedGAN": 36,
    "CV5GLMM PrivBayes": 55,
    "CV5GLMM SMOTE": 77,
    "CV5GLMM TVAE": 39,
    "CV5GLMM TableGAN": 56,
    "CV5Target CTAB-GAN": 20,
    "CV5Target CTGAN": 5,
    "CV5Target CWGAN-GP": 78,
    "CV5Target CopulaGAN": 31,
    "CV5Target DP-CTGAN": 66,
    "CV5Target GaussianCopula": 60,
    "CV5Target MedGAN": 12,
    "CV5Target PrivBayes": 57,
    "CV5Target SMOTE": 79,
    "CV5Target TVAE": 40,
    "CV5Target TableGAN": 51,
    "CatBoost CTAB-GAN": 14,
    "CatBoost CTGAN": 9,
    "CatBoost CWGAN-GP": 80,
    "CatBoost CopulaGAN": 48,
    "CatBoost DP-CTGAN": 63,
    "CatBoost GaussianCopula": 52,
    "CatBoost MedGAN": 16,
    "CatBoost PrivBayes": 43,
    "CatBoost SMOTE": 81,
    "CatBoost TVAE": 19,
    "CatBoost TableGAN": 44,
    "Count CTAB-GAN": 17,
    "Count CTGAN": 21,
    "Count CWGAN-GP": 82,
    "Count CopulaGAN": 49,
    "Count DP-CTGAN": 64,
    "Count GaussianCopula": 73,
    "Count MedGAN": 0,
    "Count PrivBayes": 37,
    "Count SMOTE": 83,
    "Count TVAE": 34,
    "Count TableGAN": 65,
    "GLMM CTAB-GAN": 35,
    "GLMM CTGAN": 8,
    "GLMM CWGAN-GP": 84,
    "GLMM CopulaGAN": 30,
    "GLMM DP-CTGAN": 58,
    "GLMM GaussianCopula": 53,
    "GLMM MedGAN": 41,
    "GLMM PrivBayes": 50,
    "GLMM SMOTE": 85,
    "GLMM TVAE": 32,
    "GLMM TableGAN": 71,
    "Target CTAB-GAN": 18,
    "Target CTGAN": 38,
    "Target CWGAN-GP": 86,
    "Target CopulaGAN": 45,
    "Target DP-CTGAN": 69,
    "Target GaussianCopula": 59,
    "Target MedGAN": 7,
    "Target PrivBayes": 61,
    "Target SMOTE": 87,
    "Target TVAE": 46,
    "Target TableGAN": 70,
    "nan CTAB-GAN": 22,
    "nan CTGAN": 23,
    "nan CWGAN-GP": 3,
    "nan CopulaGAN": 6,
    "nan DP-CTGAN": 4,
    "nan GaussianCopula": 54,
    "nan MedGAN": 13,
    "nan PrivBayes": 1,
    "nan SMOTE": 15,
    "nan TVAE": 28,
    "nan TableGAN": 2
}