{
    "Binary CTAB-GAN": 61,
    "Binary CTGAN": 40,
    "Binary CWGAN-GP": 19,
    "Binary CopulaGAN": 46,
    "Binary DP-CTGAN": 17,
    "Binary GaussianCopula": 76,
    "Binary MedGAN": 14,
    "Binary PrivBayes": 15,
    "Binary SMOTE": 64,
    "Binary TVAE": 51,
    "Binary TableGAN": 68,
    "CV5GLMM CTAB-GAN": 55,
    "CV5GLMM CTGAN": 50,
    "CV5GLMM CWGAN-GP": 26,
    "CV5GLMM CopulaGAN": 69,
    "CV5GLMM DP-CTGAN": 30,
    "CV5GLMM GaussianCopula": 70,
    "CV5GLMM MedGAN": 3,
    "CV5GLMM PrivBayes": 9,
    "CV5GLMM SMOTE": 81,
    "CV5GLMM TVAE": 77,
    "CV5GLMM TableGAN": 36,
    "CV5Target CTAB-GAN": 59,
    "CV5Target CTGAN": 48,
    "CV5Target CWGAN-GP": 37,
    "CV5Target CopulaGAN": 72,
    "CV5Target DP-CTGAN": 32,
    "CV5Target GaussianCopula": 49,
    "CV5Target MedGAN": 2,
    "CV5Target PrivBayes": 7,
    "CV5Target SMOTE": 78,
    "CV5Target TVAE": 85,
    "CV5Target TableGAN": 20,
    "CatBoost CTAB-GAN": 62,
    "CatBoost CTGAN": 52,
    "CatBoost CWGAN-GP": 25,
    "CatBoost CopulaGAN": 73,
    "CatBoost DP-CTGAN": 33,
    "CatBoost GaussianCopula": 71,
    "CatBoost MedGAN": 0,
    "CatBoost PrivBayes": 1,
    "CatBoost SMOTE": 83,
    "CatBoost TVAE": 86,
    "CatBoost TableGAN": 23,
    "Count CTAB-GAN": 65,
    "Count CTGAN": 44,
    "Count CWGAN-GP": 21,
    "Count CopulaGAN": 66,
    "Count DP-CTGAN": 22,
    "Count GaussianCopula": 43,
    "Count MedGAN": 10,
    "Count PrivBayes": 11,
    "Count SMOTE": 82,
    "Count TVAE": 79,
    "Count TableGAN": 16,
    "GLMM CTAB-GAN": 56,
    "GLMM CTGAN": 45,
    "GLMM CWGAN-GP": 24,
    "GLMM CopulaGAN": 67,
    "GLMM DP-CTGAN": 27,
    "GLMM GaussianCopula": 53,
    "GLMM MedGAN": 6,
    "GLMM PrivBayes": 13,
    "GLMM SMOTE": 80,
    "GLMM TVAE": 57,
    "GLMM TableGAN": 34,
    "Target CTAB-GAN": 60,
    "Target CTGAN": 47,
    "Target CWGAN-GP": 35,
    "Target CopulaGAN": 75,
    "Target DP-CTGAN": 28,
    "Target GaussianCopula": 42,
    "Target MedGAN": 4,
    "Target PrivBayes": 12,
    "Target SMOTE": 74,
    "Target TVAE": 63,
    "Target TableGAN": 18,
    "nan CTAB-GAN": 31,
    "nan CTGAN": 58,
    "nan CWGAN-GP": 39,
    "nan CopulaGAN": 84,
    "nan DP-CTGAN": 29,
    "nan GaussianCopula": 54,
    "nan MedGAN": 5,
    "nan PrivBayes": 8,
    "nan SMOTE": 87,
    "nan TVAE": 38,
    "nan TableGAN": 41
}