{
    "Binary CTAB-GAN": 26,
    "Binary CTGAN": 11,
    "Binary CWGAN-GP": 74,
    "Binary CopulaGAN": 59,
    "Binary DP-CTGAN": 28,
    "Binary GaussianCopula": 67,
    "Binary MedGAN": 24,
    "Binary PrivBayes": 36,
    "Binary SMOTE": 75,
    "Binary TVAE": 63,
    "Binary TableGAN": 40,
    "CV5GLMM CTAB-GAN": 21,
    "CV5GLMM CTGAN": 3,
    "CV5GLMM CWGAN-GP": 76,
    "CV5GLMM CopulaGAN": 60,
    "CV5GLMM DP-CTGAN": 52,
    "CV5GLMM GaussianCopula": 56,
    "CV5GLMM MedGAN": 17,
    "CV5GLMM PrivBayes": 43,
    "CV5GLMM SMOTE": 77,
    "CV5GLMM TVAE": 47,
    "CV5GLMM TableGAN": 68,
    "CV5Target CTAB-GAN": 37,
    "CV5Target CTGAN": 4,
    "CV5Target CWGAN-GP": 78,
    "CV5Target CopulaGAN": 41,
    "CV5Target DP-CTGAN": 54,
    "CV5Target GaussianCopula": 69,
    "CV5Target MedGAN": 14,
    "CV5Target PrivBayes": 44,
    "CV5Target SMOTE": 79,
    "CV5Target TVAE": 57,
    "CV5Target TableGAN": 73,
    "CatBoost CTAB-GAN": 16,
    "CatBoost CTGAN": 12,
    "CatBoost CWGAN-GP": 80,
    "CatBoost CopulaGAN": 38,
    "CatBoost DP-CTGAN": 25,
    "CatBoost GaussianCopula": 49,
    "CatBoost MedGAN": 33,
    "CatBoost PrivBayes": 65,
    "CatBoost SMOTE": 81,
    "CatBoost TVAE": 31,
    "CatBoost TableGAN": 71,
    "Count CTAB-GAN": 27,
    "Count CTGAN": 8,
    "Count CWGAN-GP": 82,
    "Count CopulaGAN": 45,
    "Count DP-CTGAN": 61,
    "Count GaussianCopula": 72,
    "Count MedGAN": 2,
    "Count PrivBayes": 39,
    "Count SMOTE": 83,
    "Count TVAE": 66,
    "Count TableGAN": 55,
    "GLMM CTAB-GAN": 32,
    "GLMM CTGAN": 10,
    "GLMM CWGAN-GP": 84,
    "GLMM CopulaGAN": 42,
    "GLMM DP-CTGAN": 53,
    "GLMM GaussianCopula": 70,
    "GLMM MedGAN": 20,
    "GLMM PrivBayes": 50,
    "GLMM SMOTE": 85,
    "GLMM TVAE": 62,
    "GLMM TableGAN": 46,
    "Target CTAB-GAN": 30,
    "Target CTGAN": 9,
    "Target CWGAN-GP": 86,
    "Target CopulaGAN": 64,
    "Target DP-CTGAN": 35,
    "Target GaussianCopula": 51,
    "Target MedGAN": 15,
    "Target PrivBayes": 48,
    "Target SMOTE": 87,
    "Target TVAE": 29,
    "Target TableGAN": 58,
    "nan CTAB-GAN": 7,
    "nan CTGAN": 18,
    "nan CWGAN-GP": 0,
    "nan CopulaGAN": 19,
    "nan DP-CTGAN": 1,
    "nan GaussianCopula": 34,
    "nan MedGAN": 5,
    "nan PrivBayes": 22,
    "nan SMOTE": 13,
    "nan TVAE": 23,
    "nan TableGAN": 6
}