{
    "Binary CTAB-GAN": 58,
    "Binary CTGAN": 71,
    "Binary CopulaGAN": 10,
    "Binary DP-CTGAN": 77,
    "Binary GaussianCopula": 11,
    "Binary MedGAN": 28,
    "Binary PrivBayes": 37,
    "Binary TVAE": 56,
    "Binary TableGAN": 9,
    "Binary WGAN-GP": 59,
    "CV5GLMM CTAB-GAN": 60,
    "CV5GLMM CTGAN": 69,
    "CV5GLMM CopulaGAN": 32,
    "CV5GLMM DP-CTGAN": 78,
    "CV5GLMM GaussianCopula": 15,
    "CV5GLMM MedGAN": 61,
    "CV5GLMM PrivBayes": 64,
    "CV5GLMM TVAE": 55,
    "CV5GLMM TableGAN": 44,
    "CV5GLMM WGAN-GP": 57,
    "CV5Target CTAB-GAN": 18,
    "CV5Target CTGAN": 70,
    "CV5Target CopulaGAN": 19,
    "CV5Target DP-CTGAN": 79,
    "CV5Target GaussianCopula": 33,
    "CV5Target MedGAN": 49,
    "CV5Target PrivBayes": 63,
    "CV5Target TVAE": 3,
    "CV5Target TableGAN": 29,
    "CV5Target WGAN-GP": 38,
    "CatBoost CTAB-GAN": 14,
    "CatBoost CTGAN": 62,
    "CatBoost CopulaGAN": 21,
    "CatBoost DP-CTGAN": 76,
    "CatBoost GaussianCopula": 25,
    "CatBoost MedGAN": 34,
    "CatBoost PrivBayes": 72,
    "CatBoost TVAE": 1,
    "CatBoost TableGAN": 31,
    "CatBoost WGAN-GP": 40,
    "Count CTAB-GAN": 45,
    "Count CTGAN": 65,
    "Count CopulaGAN": 13,
    "Count DP-CTGAN": 73,
    "Count GaussianCopula": 22,
    "Count MedGAN": 27,
    "Count PrivBayes": 39,
    "Count TVAE": 46,
    "Count TableGAN": 5,
    "Count WGAN-GP": 51,
    "GLMM CTAB-GAN": 41,
    "GLMM CTGAN": 66,
    "GLMM CopulaGAN": 20,
    "GLMM DP-CTGAN": 74,
    "GLMM GaussianCopula": 12,
    "GLMM MedGAN": 17,
    "GLMM PrivBayes": 35,
    "GLMM TVAE": 47,
    "GLMM TableGAN": 4,
    "GLMM WGAN-GP": 53,
    "Target CTAB-GAN": 42,
    "Target CTGAN": 67,
    "Target CopulaGAN": 30,
    "Target DP-CTGAN": 75,
    "Target GaussianCopula": 26,
    "Target MedGAN": 24,
    "Target PrivBayes": 48,
    "Target TVAE": 50,
    "Target TableGAN": 6,
    "Target WGAN-GP": 54,
    "nan CTAB-GAN": 2,
    "nan CTGAN": 16,
    "nan CopulaGAN": 23,
    "nan DP-CTGAN": 68,
    "nan GaussianCopula": 7,
    "nan MedGAN": 43,
    "nan PrivBayes": 36,
    "nan TVAE": 0,
    "nan TableGAN": 8,
    "nan WGAN-GP": 52
}