{
    "Binary CTAB-GAN": 40,
    "Binary CTGAN": 45,
    "Binary CopulaGAN": 12,
    "Binary DP-CTGAN": 79,
    "Binary GaussianCopula": 11,
    "Binary MedGAN": 67,
    "Binary PrivBayes": 29,
    "Binary TVAE": 47,
    "Binary TableGAN": 26,
    "Binary WGAN-GP": 72,
    "CV5GLMM CTAB-GAN": 41,
    "CV5GLMM CTGAN": 48,
    "CV5GLMM CopulaGAN": 27,
    "CV5GLMM DP-CTGAN": 77,
    "CV5GLMM GaussianCopula": 35,
    "CV5GLMM MedGAN": 69,
    "CV5GLMM PrivBayes": 63,
    "CV5GLMM TVAE": 9,
    "CV5GLMM TableGAN": 65,
    "CV5GLMM WGAN-GP": 64,
    "CV5Target CTAB-GAN": 30,
    "CV5Target CTGAN": 39,
    "CV5Target CopulaGAN": 32,
    "CV5Target DP-CTGAN": 76,
    "CV5Target GaussianCopula": 43,
    "CV5Target MedGAN": 66,
    "CV5Target PrivBayes": 59,
    "CV5Target TVAE": 6,
    "CV5Target TableGAN": 58,
    "CV5Target WGAN-GP": 60,
    "CatBoost CTAB-GAN": 28,
    "CatBoost CTGAN": 36,
    "CatBoost CopulaGAN": 18,
    "CatBoost DP-CTGAN": 73,
    "CatBoost GaussianCopula": 8,
    "CatBoost MedGAN": 62,
    "CatBoost PrivBayes": 68,
    "CatBoost TVAE": 1,
    "CatBoost TableGAN": 56,
    "CatBoost WGAN-GP": 55,
    "Count CTAB-GAN": 16,
    "Count CTGAN": 14,
    "Count CopulaGAN": 2,
    "Count DP-CTGAN": 74,
    "Count GaussianCopula": 21,
    "Count MedGAN": 38,
    "Count PrivBayes": 49,
    "Count TVAE": 3,
    "Count TableGAN": 42,
    "Count WGAN-GP": 52,
    "GLMM CTAB-GAN": 25,
    "GLMM CTGAN": 33,
    "GLMM CopulaGAN": 7,
    "GLMM DP-CTGAN": 70,
    "GLMM GaussianCopula": 15,
    "GLMM MedGAN": 46,
    "GLMM PrivBayes": 44,
    "GLMM TVAE": 19,
    "GLMM TableGAN": 37,
    "GLMM WGAN-GP": 57,
    "Target CTAB-GAN": 24,
    "Target CTGAN": 17,
    "Target CopulaGAN": 10,
    "Target DP-CTGAN": 71,
    "Target GaussianCopula": 20,
    "Target MedGAN": 54,
    "Target PrivBayes": 31,
    "Target TVAE": 22,
    "Target TableGAN": 50,
    "Target WGAN-GP": 51,
    "nan CTAB-GAN": 4,
    "nan CTGAN": 23,
    "nan CopulaGAN": 13,
    "nan DP-CTGAN": 78,
    "nan GaussianCopula": 5,
    "nan MedGAN": 34,
    "nan PrivBayes": 53,
    "nan TVAE": 0,
    "nan TableGAN": 61,
    "nan WGAN-GP": 75
}