{
    "Binary CTAB-GAN": 71,
    "Binary CTGAN": 76,
    "Binary CopulaGAN": 74,
    "Binary DP-CTGAN": 79,
    "Binary GaussianCopula": 61,
    "Binary MedGAN": 75,
    "Binary PrivBayes": 77,
    "Binary TVAE": 52,
    "Binary TableGAN": 59,
    "Binary WGAN-GP": 78,
    "CV5GLMM CTAB-GAN": 33,
    "CV5GLMM CTGAN": 56,
    "CV5GLMM CopulaGAN": 47,
    "CV5GLMM DP-CTGAN": 72,
    "CV5GLMM GaussianCopula": 58,
    "CV5GLMM MedGAN": 64,
    "CV5GLMM PrivBayes": 65,
    "CV5GLMM TVAE": 4,
    "CV5GLMM TableGAN": 53,
    "CV5GLMM WGAN-GP": 54,
    "CV5Target CTAB-GAN": 16,
    "CV5Target CTGAN": 25,
    "CV5Target CopulaGAN": 26,
    "CV5Target DP-CTGAN": 67,
    "CV5Target GaussianCopula": 30,
    "CV5Target MedGAN": 48,
    "CV5Target PrivBayes": 55,
    "CV5Target TVAE": 6,
    "CV5Target TableGAN": 38,
    "CV5Target WGAN-GP": 42,
    "CatBoost CTAB-GAN": 5,
    "CatBoost CTGAN": 8,
    "CatBoost CopulaGAN": 9,
    "CatBoost DP-CTGAN": 62,
    "CatBoost GaussianCopula": 21,
    "CatBoost MedGAN": 23,
    "CatBoost PrivBayes": 70,
    "CatBoost TVAE": 0,
    "CatBoost TableGAN": 22,
    "CatBoost WGAN-GP": 24,
    "Count CTAB-GAN": 18,
    "Count CTGAN": 17,
    "Count CopulaGAN": 12,
    "Count DP-CTGAN": 68,
    "Count GaussianCopula": 27,
    "Count MedGAN": 40,
    "Count PrivBayes": 50,
    "Count TVAE": 1,
    "Count TableGAN": 31,
    "Count WGAN-GP": 43,
    "GLMM CTAB-GAN": 41,
    "GLMM CTGAN": 46,
    "GLMM CopulaGAN": 10,
    "GLMM DP-CTGAN": 69,
    "GLMM GaussianCopula": 39,
    "GLMM MedGAN": 57,
    "GLMM PrivBayes": 51,
    "GLMM TVAE": 7,
    "GLMM TableGAN": 34,
    "GLMM WGAN-GP": 49,
    "Target CTAB-GAN": 13,
    "Target CTGAN": 14,
    "Target CopulaGAN": 11,
    "Target DP-CTGAN": 66,
    "Target GaussianCopula": 29,
    "Target MedGAN": 32,
    "Target PrivBayes": 45,
    "Target TVAE": 2,
    "Target TableGAN": 35,
    "Target WGAN-GP": 44,
    "nan CTAB-GAN": 15,
    "nan CTGAN": 19,
    "nan CopulaGAN": 37,
    "nan DP-CTGAN": 73,
    "nan GaussianCopula": 20,
    "nan MedGAN": 28,
    "nan PrivBayes": 60,
    "nan TVAE": 3,
    "nan TableGAN": 36,
    "nan WGAN-GP": 63
}