{
    "Binary CTAB-GAN": 57,
    "Binary CTGAN": 46,
    "Binary CopulaGAN": 48,
    "Binary DP-CTGAN": 78,
    "Binary GaussianCopula": 33,
    "Binary MedGAN": 79,
    "Binary PrivBayes": 75,
    "Binary TVAE": 25,
    "Binary TableGAN": 76,
    "Binary WGAN-GP": 77,
    "CV5GLMM CTAB-GAN": 18,
    "CV5GLMM CTGAN": 30,
    "CV5GLMM CopulaGAN": 17,
    "CV5GLMM DP-CTGAN": 60,
    "CV5GLMM GaussianCopula": 19,
    "CV5GLMM MedGAN": 55,
    "CV5GLMM PrivBayes": 52,
    "CV5GLMM TVAE": 4,
    "CV5GLMM TableGAN": 61,
    "CV5GLMM WGAN-GP": 42,
    "CV5Target CTAB-GAN": 31,
    "CV5Target CTGAN": 35,
    "CV5Target CopulaGAN": 14,
    "CV5Target DP-CTGAN": 64,
    "CV5Target GaussianCopula": 16,
    "CV5Target MedGAN": 66,
    "CV5Target PrivBayes": 54,
    "CV5Target TVAE": 7,
    "CV5Target TableGAN": 73,
    "CV5Target WGAN-GP": 38,
    "CatBoost CTAB-GAN": 28,
    "CatBoost CTGAN": 36,
    "CatBoost CopulaGAN": 22,
    "CatBoost DP-CTGAN": 53,
    "CatBoost GaussianCopula": 15,
    "CatBoost MedGAN": 50,
    "CatBoost PrivBayes": 45,
    "CatBoost TVAE": 9,
    "CatBoost TableGAN": 56,
    "CatBoost WGAN-GP": 40,
    "Count CTAB-GAN": 21,
    "Count CTGAN": 23,
    "Count CopulaGAN": 8,
    "Count DP-CTGAN": 58,
    "Count GaussianCopula": 10,
    "Count MedGAN": 62,
    "Count PrivBayes": 71,
    "Count TVAE": 0,
    "Count TableGAN": 47,
    "Count WGAN-GP": 41,
    "GLMM CTAB-GAN": 24,
    "GLMM CTGAN": 27,
    "GLMM CopulaGAN": 6,
    "GLMM DP-CTGAN": 69,
    "GLMM GaussianCopula": 13,
    "GLMM MedGAN": 74,
    "GLMM PrivBayes": 70,
    "GLMM TVAE": 3,
    "GLMM TableGAN": 63,
    "GLMM WGAN-GP": 34,
    "Target CTAB-GAN": 29,
    "Target CTGAN": 32,
    "Target CopulaGAN": 5,
    "Target DP-CTGAN": 67,
    "Target GaussianCopula": 11,
    "Target MedGAN": 59,
    "Target PrivBayes": 68,
    "Target TVAE": 1,
    "Target TableGAN": 72,
    "Target WGAN-GP": 39,
    "nan CTAB-GAN": 26,
    "nan CTGAN": 37,
    "nan CopulaGAN": 20,
    "nan DP-CTGAN": 65,
    "nan GaussianCopula": 12,
    "nan MedGAN": 51,
    "nan PrivBayes": 43,
    "nan TVAE": 2,
    "nan TableGAN": 49,
    "nan WGAN-GP": 44
}