{
    "Binary CTAB-GAN": 36,
    "Binary CTGAN": 26,
    "Binary CWGAN-GP": 0,
    "Binary CopulaGAN": 33,
    "Binary DP-CTGAN": 24,
    "Binary GaussianCopula": 65,
    "Binary MedGAN": 6,
    "Binary PrivBayes": 25,
    "Binary SMOTE": 80,
    "Binary TVAE": 64,
    "Binary TableGAN": 21,
    "CV5GLMM CTAB-GAN": 51,
    "CV5GLMM CTGAN": 50,
    "CV5GLMM CWGAN-GP": 7,
    "CV5GLMM CopulaGAN": 63,
    "CV5GLMM DP-CTGAN": 30,
    "CV5GLMM GaussianCopula": 72,
    "CV5GLMM MedGAN": 8,
    "CV5GLMM PrivBayes": 46,
    "CV5GLMM SMOTE": 81,
    "CV5GLMM TVAE": 79,
    "CV5GLMM TableGAN": 20,
    "CV5Target CTAB-GAN": 52,
    "CV5Target CTGAN": 41,
    "CV5Target CWGAN-GP": 1,
    "CV5Target CopulaGAN": 58,
    "CV5Target DP-CTGAN": 31,
    "CV5Target GaussianCopula": 73,
    "CV5Target MedGAN": 4,
    "CV5Target PrivBayes": 42,
    "CV5Target SMOTE": 82,
    "CV5Target TVAE": 68,
    "CV5Target TableGAN": 22,
    "CatBoost CTAB-GAN": 57,
    "CatBoost CTGAN": 40,
    "CatBoost CWGAN-GP": 5,
    "CatBoost CopulaGAN": 56,
    "CatBoost DP-CTGAN": 32,
    "CatBoost GaussianCopula": 74,
    "CatBoost MedGAN": 2,
    "CatBoost PrivBayes": 39,
    "CatBoost SMOTE": 83,
    "CatBoost TVAE": 66,
    "CatBoost TableGAN": 16,
    "Count CTAB-GAN": 53,
    "Count CTGAN": 47,
    "Count CWGAN-GP": 11,
    "Count CopulaGAN": 60,
    "Count DP-CTGAN": 27,
    "Count GaussianCopula": 75,
    "Count MedGAN": 12,
    "Count PrivBayes": 37,
    "Count SMOTE": 84,
    "Count TVAE": 71,
    "Count TableGAN": 18,
    "GLMM CTAB-GAN": 54,
    "GLMM CTGAN": 43,
    "GLMM CWGAN-GP": 9,
    "GLMM CopulaGAN": 61,
    "GLMM DP-CTGAN": 28,
    "GLMM GaussianCopula": 77,
    "GLMM MedGAN": 3,
    "GLMM PrivBayes": 34,
    "GLMM SMOTE": 85,
    "GLMM TVAE": 67,
    "GLMM TableGAN": 15,
    "Target CTAB-GAN": 49,
    "Target CTGAN": 44,
    "Target CWGAN-GP": 13,
    "Target CopulaGAN": 62,
    "Target DP-CTGAN": 29,
    "Target GaussianCopula": 76,
    "Target MedGAN": 14,
    "Target PrivBayes": 38,
    "Target SMOTE": 86,
    "Target TVAE": 69,
    "Target TableGAN": 19,
    "nan CTAB-GAN": 55,
    "nan CTGAN": 48,
    "nan CWGAN-GP": 17,
    "nan CopulaGAN": 59,
    "nan DP-CTGAN": 35,
    "nan GaussianCopula": 70,
    "nan MedGAN": 10,
    "nan PrivBayes": 45,
    "nan SMOTE": 87,
    "nan TVAE": 78,
    "nan TableGAN": 23
}