{
    "Binary CTAB-GAN": 11,
    "Binary CTGAN": 19,
    "Binary CWGAN-GP": 16,
    "Binary CopulaGAN": 18,
    "Binary DP-CTGAN": 12,
    "Binary GaussianCopula": 39,
    "Binary MedGAN": 9,
    "Binary PrivBayes": 20,
    "Binary SMOTE": 47,
    "Binary TVAE": 26,
    "Binary TableGAN": 0,
    "CV5GLMM CTAB-GAN": 42,
    "CV5GLMM CTGAN": 49,
    "CV5GLMM CWGAN-GP": 3,
    "CV5GLMM CopulaGAN": 50,
    "CV5GLMM DP-CTGAN": 33,
    "CV5GLMM GaussianCopula": 58,
    "CV5GLMM MedGAN": 14,
    "CV5GLMM PrivBayes": 40,
    "CV5GLMM SMOTE": 84,
    "CV5GLMM TVAE": 71,
    "CV5GLMM TableGAN": 25,
    "CV5Target CTAB-GAN": 68,
    "CV5Target CTGAN": 55,
    "CV5Target CWGAN-GP": 8,
    "CV5Target CopulaGAN": 52,
    "CV5Target DP-CTGAN": 43,
    "CV5Target GaussianCopula": 67,
    "CV5Target MedGAN": 22,
    "CV5Target PrivBayes": 54,
    "CV5Target SMOTE": 83,
    "CV5Target TVAE": 70,
    "CV5Target TableGAN": 23,
    "CatBoost CTAB-GAN": 32,
    "CatBoost CTGAN": 27,
    "CatBoost CWGAN-GP": 7,
    "CatBoost CopulaGAN": 30,
    "CatBoost DP-CTGAN": 10,
    "CatBoost GaussianCopula": 64,
    "CatBoost MedGAN": 2,
    "CatBoost PrivBayes": 13,
    "CatBoost SMOTE": 79,
    "CatBoost TVAE": 56,
    "CatBoost TableGAN": 21,
    "Count CTAB-GAN": 59,
    "Count CTGAN": 51,
    "Count CWGAN-GP": 15,
    "Count CopulaGAN": 46,
    "Count DP-CTGAN": 41,
    "Count GaussianCopula": 80,
    "Count MedGAN": 28,
    "Count PrivBayes": 34,
    "Count SMOTE": 85,
    "Count TVAE": 73,
    "Count TableGAN": 1,
    "GLMM CTAB-GAN": 65,
    "GLMM CTGAN": 45,
    "GLMM CWGAN-GP": 4,
    "GLMM CopulaGAN": 53,
    "GLMM DP-CTGAN": 37,
    "GLMM GaussianCopula": 75,
    "GLMM MedGAN": 31,
    "GLMM PrivBayes": 35,
    "GLMM SMOTE": 86,
    "GLMM TVAE": 76,
    "GLMM TableGAN": 24,
    "Target CTAB-GAN": 63,
    "Target CTGAN": 44,
    "Target CWGAN-GP": 5,
    "Target CopulaGAN": 48,
    "Target DP-CTGAN": 38,
    "Target GaussianCopula": 77,
    "Target MedGAN": 29,
    "Target PrivBayes": 36,
    "Target SMOTE": 87,
    "Target TVAE": 74,
    "Target TableGAN": 17,
    "nan CTAB-GAN": 78,
    "nan CTGAN": 69,
    "nan CWGAN-GP": 60,
    "nan CopulaGAN": 61,
    "nan DP-CTGAN": 62,
    "nan GaussianCopula": 66,
    "nan MedGAN": 72,
    "nan PrivBayes": 57,
    "nan SMOTE": 81,
    "nan TVAE": 82,
    "nan TableGAN": 6
}