{
    "Binary CTAB-GAN": 13,
    "Binary CTGAN": 16,
    "Binary CWGAN-GP": 0,
    "Binary CopulaGAN": 15,
    "Binary DP-CTGAN": 10,
    "Binary GaussianCopula": 42,
    "Binary MedGAN": 2,
    "Binary PrivBayes": 12,
    "Binary SMOTE": 72,
    "Binary TVAE": 49,
    "Binary TableGAN": 23,
    "CV5GLMM CTAB-GAN": 51,
    "CV5GLMM CTGAN": 63,
    "CV5GLMM CWGAN-GP": 8,
    "CV5GLMM CopulaGAN": 67,
    "CV5GLMM DP-CTGAN": 34,
    "CV5GLMM GaussianCopula": 75,
    "CV5GLMM MedGAN": 11,
    "CV5GLMM PrivBayes": 41,
    "CV5GLMM SMOTE": 87,
    "CV5GLMM TVAE": 79,
    "CV5GLMM TableGAN": 24,
    "CV5Target CTAB-GAN": 54,
    "CV5Target CTGAN": 64,
    "CV5Target CWGAN-GP": 4,
    "CV5Target CopulaGAN": 68,
    "CV5Target DP-CTGAN": 35,
    "CV5Target GaussianCopula": 74,
    "CV5Target MedGAN": 9,
    "CV5Target PrivBayes": 40,
    "CV5Target SMOTE": 84,
    "CV5Target TVAE": 80,
    "CV5Target TableGAN": 44,
    "CatBoost CTAB-GAN": 52,
    "CatBoost CTGAN": 48,
    "CatBoost CWGAN-GP": 3,
    "CatBoost CopulaGAN": 57,
    "CatBoost DP-CTGAN": 28,
    "CatBoost GaussianCopula": 77,
    "CatBoost MedGAN": 5,
    "CatBoost PrivBayes": 33,
    "CatBoost SMOTE": 85,
    "CatBoost TVAE": 81,
    "CatBoost TableGAN": 30,
    "Count CTAB-GAN": 58,
    "Count CTGAN": 61,
    "Count CWGAN-GP": 7,
    "Count CopulaGAN": 59,
    "Count DP-CTGAN": 37,
    "Count GaussianCopula": 73,
    "Count MedGAN": 18,
    "Count PrivBayes": 31,
    "Count SMOTE": 83,
    "Count TVAE": 71,
    "Count TableGAN": 20,
    "GLMM CTAB-GAN": 50,
    "GLMM CTGAN": 55,
    "GLMM CWGAN-GP": 6,
    "GLMM CopulaGAN": 60,
    "GLMM DP-CTGAN": 36,
    "GLMM GaussianCopula": 78,
    "GLMM MedGAN": 19,
    "GLMM PrivBayes": 25,
    "GLMM SMOTE": 86,
    "GLMM TVAE": 70,
    "GLMM TableGAN": 21,
    "Target CTAB-GAN": 56,
    "Target CTGAN": 62,
    "Target CWGAN-GP": 1,
    "Target CopulaGAN": 53,
    "Target DP-CTGAN": 26,
    "Target GaussianCopula": 76,
    "Target MedGAN": 14,
    "Target PrivBayes": 29,
    "Target SMOTE": 82,
    "Target TVAE": 69,
    "Target TableGAN": 38,
    "nan CTAB-GAN": 46,
    "nan CTGAN": 45,
    "nan CWGAN-GP": 17,
    "nan CopulaGAN": 43,
    "nan DP-CTGAN": 27,
    "nan GaussianCopula": 47,
    "nan MedGAN": 22,
    "nan PrivBayes": 32,
    "nan SMOTE": 65,
    "nan TVAE": 66,
    "nan TableGAN": 39
}