{
    "Binary CTAB-GAN": 9,
    "Binary CTGAN": 16,
    "Binary CWGAN-GP": 5,
    "Binary CopulaGAN": 17,
    "Binary DP-CTGAN": 2,
    "Binary GaussianCopula": 36,
    "Binary MedGAN": 3,
    "Binary PrivBayes": 37,
    "Binary SMOTE": 40,
    "Binary TVAE": 21,
    "Binary TableGAN": 27,
    "CV5GLMM CTAB-GAN": 54,
    "CV5GLMM CTGAN": 71,
    "CV5GLMM CWGAN-GP": 1,
    "CV5GLMM CopulaGAN": 66,
    "CV5GLMM DP-CTGAN": 33,
    "CV5GLMM GaussianCopula": 55,
    "CV5GLMM MedGAN": 24,
    "CV5GLMM PrivBayes": 42,
    "CV5GLMM SMOTE": 86,
    "CV5GLMM TVAE": 76,
    "CV5GLMM TableGAN": 29,
    "CV5Target CTAB-GAN": 60,
    "CV5Target CTGAN": 74,
    "CV5Target CWGAN-GP": 4,
    "CV5Target CopulaGAN": 68,
    "CV5Target DP-CTGAN": 34,
    "CV5Target GaussianCopula": 62,
    "CV5Target MedGAN": 10,
    "CV5Target PrivBayes": 41,
    "CV5Target SMOTE": 85,
    "CV5Target TVAE": 78,
    "CV5Target TableGAN": 12,
    "CatBoost CTAB-GAN": 51,
    "CatBoost CTGAN": 38,
    "CatBoost CWGAN-GP": 7,
    "CatBoost CopulaGAN": 50,
    "CatBoost DP-CTGAN": 26,
    "CatBoost GaussianCopula": 72,
    "CatBoost MedGAN": 22,
    "CatBoost PrivBayes": 28,
    "CatBoost SMOTE": 67,
    "CatBoost TVAE": 59,
    "CatBoost TableGAN": 18,
    "Count CTAB-GAN": 52,
    "Count CTGAN": 75,
    "Count CWGAN-GP": 8,
    "Count CopulaGAN": 69,
    "Count DP-CTGAN": 49,
    "Count GaussianCopula": 81,
    "Count MedGAN": 19,
    "Count PrivBayes": 20,
    "Count SMOTE": 83,
    "Count TVAE": 56,
    "Count TableGAN": 13,
    "GLMM CTAB-GAN": 48,
    "GLMM CTGAN": 64,
    "GLMM CWGAN-GP": 0,
    "GLMM CopulaGAN": 70,
    "GLMM DP-CTGAN": 35,
    "GLMM GaussianCopula": 53,
    "GLMM MedGAN": 14,
    "GLMM PrivBayes": 15,
    "GLMM SMOTE": 84,
    "GLMM TVAE": 57,
    "GLMM TableGAN": 25,
    "Target CTAB-GAN": 39,
    "Target CTGAN": 47,
    "Target CWGAN-GP": 6,
    "Target CopulaGAN": 73,
    "Target DP-CTGAN": 31,
    "Target GaussianCopula": 58,
    "Target MedGAN": 11,
    "Target PrivBayes": 30,
    "Target SMOTE": 87,
    "Target TVAE": 32,
    "Target TableGAN": 23,
    "nan CTAB-GAN": 44,
    "nan CTGAN": 61,
    "nan CWGAN-GP": 45,
    "nan CopulaGAN": 63,
    "nan DP-CTGAN": 46,
    "nan GaussianCopula": 79,
    "nan MedGAN": 65,
    "nan PrivBayes": 77,
    "nan SMOTE": 82,
    "nan TVAE": 80,
    "nan TableGAN": 43
}