{
    "Binary CTAB-GAN": 42,
    "Binary CTGAN": 21,
    "Binary CopulaGAN": 12,
    "Binary DP-CTGAN": 62,
    "Binary GaussianCopula": 4,
    "Binary MedGAN": 79,
    "Binary PrivBayes": 40,
    "Binary TVAE": 3,
    "Binary TableGAN": 33,
    "Binary WGAN-GP": 63,
    "CV5GLMM CTAB-GAN": 26,
    "CV5GLMM CTGAN": 27,
    "CV5GLMM CopulaGAN": 25,
    "CV5GLMM DP-CTGAN": 58,
    "CV5GLMM GaussianCopula": 39,
    "CV5GLMM MedGAN": 65,
    "CV5GLMM PrivBayes": 71,
    "CV5GLMM TVAE": 5,
    "CV5GLMM TableGAN": 56,
    "CV5GLMM WGAN-GP": 50,
    "CV5Target CTAB-GAN": 34,
    "CV5Target CTGAN": 29,
    "CV5Target CopulaGAN": 24,
    "CV5Target DP-CTGAN": 53,
    "CV5Target GaussianCopula": 30,
    "CV5Target MedGAN": 75,
    "CV5Target PrivBayes": 72,
    "CV5Target TVAE": 7,
    "CV5Target TableGAN": 69,
    "CV5Target WGAN-GP": 44,
    "CatBoost CTAB-GAN": 36,
    "CatBoost CTGAN": 37,
    "CatBoost CopulaGAN": 32,
    "CatBoost DP-CTGAN": 55,
    "CatBoost GaussianCopula": 38,
    "CatBoost MedGAN": 67,
    "CatBoost PrivBayes": 64,
    "CatBoost TVAE": 10,
    "CatBoost TableGAN": 60,
    "CatBoost WGAN-GP": 45,
    "Count CTAB-GAN": 23,
    "Count CTGAN": 13,
    "Count CopulaGAN": 14,
    "Count DP-CTGAN": 52,
    "Count GaussianCopula": 28,
    "Count MedGAN": 73,
    "Count PrivBayes": 76,
    "Count TVAE": 1,
    "Count TableGAN": 66,
    "Count WGAN-GP": 51,
    "GLMM CTAB-GAN": 17,
    "GLMM CTGAN": 22,
    "GLMM CopulaGAN": 15,
    "GLMM DP-CTGAN": 46,
    "GLMM GaussianCopula": 35,
    "GLMM MedGAN": 68,
    "GLMM PrivBayes": 78,
    "GLMM TVAE": 6,
    "GLMM TableGAN": 54,
    "GLMM WGAN-GP": 43,
    "Target CTAB-GAN": 19,
    "Target CTGAN": 20,
    "Target CopulaGAN": 16,
    "Target DP-CTGAN": 57,
    "Target GaussianCopula": 31,
    "Target MedGAN": 74,
    "Target PrivBayes": 77,
    "Target TVAE": 2,
    "Target TableGAN": 70,
    "Target WGAN-GP": 48,
    "nan CTAB-GAN": 18,
    "nan CTGAN": 11,
    "nan CopulaGAN": 9,
    "nan DP-CTGAN": 59,
    "nan GaussianCopula": 8,
    "nan MedGAN": 49,
    "nan PrivBayes": 61,
    "nan TVAE": 0,
    "nan TableGAN": 41,
    "nan WGAN-GP": 47
}