{
    "Binary CTAB-GAN": 38,
    "Binary CTGAN": 34,
    "Binary CopulaGAN": 32,
    "Binary DP-CTGAN": 62,
    "Binary GaussianCopula": 14,
    "Binary MedGAN": 79,
    "Binary PrivBayes": 41,
    "Binary TVAE": 0,
    "Binary TableGAN": 73,
    "Binary WGAN-GP": 63,
    "CV5GLMM CTAB-GAN": 28,
    "CV5GLMM CTGAN": 29,
    "CV5GLMM CopulaGAN": 16,
    "CV5GLMM DP-CTGAN": 56,
    "CV5GLMM GaussianCopula": 20,
    "CV5GLMM MedGAN": 78,
    "CV5GLMM PrivBayes": 42,
    "CV5GLMM TVAE": 3,
    "CV5GLMM TableGAN": 64,
    "CV5GLMM WGAN-GP": 51,
    "CV5Target CTAB-GAN": 23,
    "CV5Target CTGAN": 30,
    "CV5Target CopulaGAN": 9,
    "CV5Target DP-CTGAN": 57,
    "CV5Target GaussianCopula": 39,
    "CV5Target MedGAN": 68,
    "CV5Target PrivBayes": 40,
    "CV5Target TVAE": 5,
    "CV5Target TableGAN": 65,
    "CV5Target WGAN-GP": 53,
    "CatBoost CTAB-GAN": 24,
    "CatBoost CTGAN": 31,
    "CatBoost CopulaGAN": 17,
    "CatBoost DP-CTGAN": 61,
    "CatBoost GaussianCopula": 15,
    "CatBoost MedGAN": 75,
    "CatBoost PrivBayes": 46,
    "CatBoost TVAE": 7,
    "CatBoost TableGAN": 66,
    "CatBoost WGAN-GP": 49,
    "Count CTAB-GAN": 26,
    "Count CTGAN": 27,
    "Count CopulaGAN": 18,
    "Count DP-CTGAN": 60,
    "Count GaussianCopula": 21,
    "Count MedGAN": 74,
    "Count PrivBayes": 44,
    "Count TVAE": 6,
    "Count TableGAN": 69,
    "Count WGAN-GP": 50,
    "GLMM CTAB-GAN": 22,
    "GLMM CTGAN": 25,
    "GLMM CopulaGAN": 10,
    "GLMM DP-CTGAN": 59,
    "GLMM GaussianCopula": 35,
    "GLMM MedGAN": 77,
    "GLMM PrivBayes": 43,
    "GLMM TVAE": 4,
    "GLMM TableGAN": 70,
    "GLMM WGAN-GP": 54,
    "Target CTAB-GAN": 19,
    "Target CTGAN": 13,
    "Target CopulaGAN": 11,
    "Target DP-CTGAN": 58,
    "Target GaussianCopula": 33,
    "Target MedGAN": 71,
    "Target PrivBayes": 45,
    "Target TVAE": 2,
    "Target TableGAN": 67,
    "Target WGAN-GP": 55,
    "nan CTAB-GAN": 8,
    "nan CTGAN": 36,
    "nan CopulaGAN": 12,
    "nan DP-CTGAN": 52,
    "nan GaussianCopula": 37,
    "nan MedGAN": 76,
    "nan PrivBayes": 48,
    "nan TVAE": 1,
    "nan TableGAN": 72,
    "nan WGAN-GP": 47
}