{
    "Binary CTAB-GAN": 40,
    "Binary CTGAN": 18,
    "Binary CopulaGAN": 16,
    "Binary DP-CTGAN": 57,
    "Binary GaussianCopula": 6,
    "Binary MedGAN": 78,
    "Binary PrivBayes": 34,
    "Binary TVAE": 35,
    "Binary TableGAN": 54,
    "Binary WGAN-GP": 53,
    "CV5GLMM CTAB-GAN": 36,
    "CV5GLMM CTGAN": 29,
    "CV5GLMM CopulaGAN": 19,
    "CV5GLMM DP-CTGAN": 48,
    "CV5GLMM GaussianCopula": 38,
    "CV5GLMM MedGAN": 76,
    "CV5GLMM PrivBayes": 72,
    "CV5GLMM TVAE": 4,
    "CV5GLMM TableGAN": 77,
    "CV5GLMM WGAN-GP": 46,
    "CV5Target CTAB-GAN": 31,
    "CV5Target CTGAN": 28,
    "CV5Target CopulaGAN": 30,
    "CV5Target DP-CTGAN": 50,
    "CV5Target GaussianCopula": 39,
    "CV5Target MedGAN": 75,
    "CV5Target PrivBayes": 67,
    "CV5Target TVAE": 13,
    "CV5Target TableGAN": 79,
    "CV5Target WGAN-GP": 41,
    "CatBoost CTAB-GAN": 37,
    "CatBoost CTGAN": 33,
    "CatBoost CopulaGAN": 32,
    "CatBoost DP-CTGAN": 52,
    "CatBoost GaussianCopula": 25,
    "CatBoost MedGAN": 68,
    "CatBoost PrivBayes": 58,
    "CatBoost TVAE": 1,
    "CatBoost TableGAN": 74,
    "CatBoost WGAN-GP": 43,
    "Count CTAB-GAN": 22,
    "Count CTGAN": 10,
    "Count CopulaGAN": 3,
    "Count DP-CTGAN": 51,
    "Count GaussianCopula": 26,
    "Count MedGAN": 73,
    "Count PrivBayes": 70,
    "Count TVAE": 2,
    "Count TableGAN": 55,
    "Count WGAN-GP": 44,
    "GLMM CTAB-GAN": 23,
    "GLMM CTGAN": 24,
    "GLMM CopulaGAN": 8,
    "GLMM DP-CTGAN": 49,
    "GLMM GaussianCopula": 9,
    "GLMM MedGAN": 62,
    "GLMM PrivBayes": 63,
    "GLMM TVAE": 15,
    "GLMM TableGAN": 66,
    "GLMM WGAN-GP": 45,
    "Target CTAB-GAN": 20,
    "Target CTGAN": 12,
    "Target CopulaGAN": 14,
    "Target DP-CTGAN": 47,
    "Target GaussianCopula": 27,
    "Target MedGAN": 71,
    "Target PrivBayes": 64,
    "Target TVAE": 21,
    "Target TableGAN": 69,
    "Target WGAN-GP": 42,
    "nan CTAB-GAN": 5,
    "nan CTGAN": 17,
    "nan CopulaGAN": 11,
    "nan DP-CTGAN": 59,
    "nan GaussianCopula": 7,
    "nan MedGAN": 65,
    "nan PrivBayes": 60,
    "nan TVAE": 0,
    "nan TableGAN": 56,
    "nan WGAN-GP": 61
}