{
    "Binary CTAB-GAN": 26,
    "Binary CTGAN": 22,
    "Binary CopulaGAN": 36,
    "Binary DP-CTGAN": 58,
    "Binary GaussianCopula": 20,
    "Binary MedGAN": 79,
    "Binary PrivBayes": 41,
    "Binary TVAE": 4,
    "Binary TableGAN": 66,
    "Binary WGAN-GP": 56,
    "CV5GLMM CTAB-GAN": 33,
    "CV5GLMM CTGAN": 24,
    "CV5GLMM CopulaGAN": 19,
    "CV5GLMM DP-CTGAN": 48,
    "CV5GLMM GaussianCopula": 8,
    "CV5GLMM MedGAN": 74,
    "CV5GLMM PrivBayes": 63,
    "CV5GLMM TVAE": 1,
    "CV5GLMM TableGAN": 71,
    "CV5GLMM WGAN-GP": 46,
    "CV5Target CTAB-GAN": 34,
    "CV5Target CTGAN": 31,
    "CV5Target CopulaGAN": 18,
    "CV5Target DP-CTGAN": 50,
    "CV5Target GaussianCopula": 13,
    "CV5Target MedGAN": 72,
    "CV5Target PrivBayes": 64,
    "CV5Target TVAE": 3,
    "CV5Target TableGAN": 65,
    "CV5Target WGAN-GP": 43,
    "CatBoost CTAB-GAN": 38,
    "CatBoost CTGAN": 37,
    "CatBoost CopulaGAN": 21,
    "CatBoost DP-CTGAN": 54,
    "CatBoost GaussianCopula": 12,
    "CatBoost MedGAN": 75,
    "CatBoost PrivBayes": 55,
    "CatBoost TVAE": 7,
    "CatBoost TableGAN": 69,
    "CatBoost WGAN-GP": 44,
    "Count CTAB-GAN": 35,
    "Count CTGAN": 28,
    "Count CopulaGAN": 14,
    "Count DP-CTGAN": 49,
    "Count GaussianCopula": 16,
    "Count MedGAN": 78,
    "Count PrivBayes": 59,
    "Count TVAE": 6,
    "Count TableGAN": 68,
    "Count WGAN-GP": 42,
    "GLMM CTAB-GAN": 25,
    "GLMM CTGAN": 27,
    "GLMM CopulaGAN": 10,
    "GLMM DP-CTGAN": 51,
    "GLMM GaussianCopula": 9,
    "GLMM MedGAN": 73,
    "GLMM PrivBayes": 60,
    "GLMM TVAE": 2,
    "GLMM TableGAN": 70,
    "GLMM WGAN-GP": 47,
    "Target CTAB-GAN": 29,
    "Target CTGAN": 30,
    "Target CopulaGAN": 15,
    "Target DP-CTGAN": 53,
    "Target GaussianCopula": 17,
    "Target MedGAN": 76,
    "Target PrivBayes": 61,
    "Target TVAE": 5,
    "Target TableGAN": 62,
    "Target WGAN-GP": 45,
    "nan CTAB-GAN": 32,
    "nan CTGAN": 39,
    "nan CopulaGAN": 23,
    "nan DP-CTGAN": 52,
    "nan GaussianCopula": 11,
    "nan MedGAN": 77,
    "nan PrivBayes": 57,
    "nan TVAE": 0,
    "nan TableGAN": 67,
    "nan WGAN-GP": 40
}