{
    "Binary CTAB-GAN": 38,
    "Binary CTGAN": 1,
    "Binary CopulaGAN": 36,
    "Binary DP-CTGAN": 62,
    "Binary GaussianCopula": 39,
    "Binary MedGAN": 79,
    "Binary PrivBayes": 25,
    "Binary TVAE": 0,
    "Binary TableGAN": 63,
    "Binary WGAN-GP": 61,
    "CV5GLMM CTAB-GAN": 40,
    "CV5GLMM CTGAN": 13,
    "CV5GLMM CopulaGAN": 21,
    "CV5GLMM DP-CTGAN": 53,
    "CV5GLMM GaussianCopula": 14,
    "CV5GLMM MedGAN": 73,
    "CV5GLMM PrivBayes": 65,
    "CV5GLMM TVAE": 5,
    "CV5GLMM TableGAN": 60,
    "CV5GLMM WGAN-GP": 43,
    "CV5Target CTAB-GAN": 29,
    "CV5Target CTGAN": 19,
    "CV5Target CopulaGAN": 11,
    "CV5Target DP-CTGAN": 49,
    "CV5Target GaussianCopula": 23,
    "CV5Target MedGAN": 76,
    "CV5Target PrivBayes": 64,
    "CV5Target TVAE": 26,
    "CV5Target TableGAN": 66,
    "CV5Target WGAN-GP": 45,
    "CatBoost CTAB-GAN": 37,
    "CatBoost CTGAN": 34,
    "CatBoost CopulaGAN": 30,
    "CatBoost DP-CTGAN": 50,
    "CatBoost GaussianCopula": 32,
    "CatBoost MedGAN": 72,
    "CatBoost PrivBayes": 56,
    "CatBoost TVAE": 31,
    "CatBoost TableGAN": 59,
    "CatBoost WGAN-GP": 44,
    "Count CTAB-GAN": 27,
    "Count CTGAN": 6,
    "Count CopulaGAN": 2,
    "Count DP-CTGAN": 54,
    "Count GaussianCopula": 15,
    "Count MedGAN": 77,
    "Count PrivBayes": 74,
    "Count TVAE": 7,
    "Count TableGAN": 46,
    "Count WGAN-GP": 41,
    "GLMM CTAB-GAN": 22,
    "GLMM CTGAN": 8,
    "GLMM CopulaGAN": 16,
    "GLMM DP-CTGAN": 55,
    "GLMM GaussianCopula": 28,
    "GLMM MedGAN": 75,
    "GLMM PrivBayes": 69,
    "GLMM TVAE": 17,
    "GLMM TableGAN": 57,
    "GLMM WGAN-GP": 42,
    "Target CTAB-GAN": 24,
    "Target CTGAN": 9,
    "Target CopulaGAN": 3,
    "Target DP-CTGAN": 51,
    "Target GaussianCopula": 33,
    "Target MedGAN": 78,
    "Target PrivBayes": 70,
    "Target TVAE": 20,
    "Target TableGAN": 67,
    "Target WGAN-GP": 48,
    "nan CTAB-GAN": 35,
    "nan CTGAN": 12,
    "nan CopulaGAN": 4,
    "nan DP-CTGAN": 52,
    "nan GaussianCopula": 18,
    "nan MedGAN": 58,
    "nan PrivBayes": 71,
    "nan TVAE": 10,
    "nan TableGAN": 68,
    "nan WGAN-GP": 47
}