{
    "Binary CTAB-GAN": 10,
    "Binary CTGAN": 11,
    "Binary CopulaGAN": 12,
    "Binary DP-CTGAN": 13,
    "Binary GaussianCopula": 14,
    "Binary MedGAN": 15,
    "Binary PrivBayes": 16,
    "Binary TVAE": 17,
    "Binary TableGAN": 18,
    "Binary WGAN-GP": 19,
    "CV5GLMM CTAB-GAN": 20,
    "CV5GLMM CTGAN": 21,
    "CV5GLMM CopulaGAN": 22,
    "CV5GLMM DP-CTGAN": 23,
    "CV5GLMM GaussianCopula": 24,
    "CV5GLMM MedGAN": 25,
    "CV5GLMM PrivBayes": 26,
    "CV5GLMM TVAE": 27,
    "CV5GLMM TableGAN": 28,
    "CV5GLMM WGAN-GP": 29,
    "CV5Target CTAB-GAN": 30,
    "CV5Target CTGAN": 31,
    "CV5Target CopulaGAN": 32,
    "CV5Target DP-CTGAN": 33,
    "CV5Target GaussianCopula": 34,
    "CV5Target MedGAN": 35,
    "CV5Target PrivBayes": 36,
    "CV5Target TVAE": 37,
    "CV5Target TableGAN": 38,
    "CV5Target WGAN-GP": 39,
    "CatBoost CTAB-GAN": 40,
    "CatBoost CTGAN": 41,
    "CatBoost CopulaGAN": 42,
    "CatBoost DP-CTGAN": 43,
    "CatBoost GaussianCopula": 44,
    "CatBoost MedGAN": 45,
    "CatBoost PrivBayes": 46,
    "CatBoost TVAE": 47,
    "CatBoost TableGAN": 48,
    "CatBoost WGAN-GP": 49,
    "Count CTAB-GAN": 50,
    "Count CTGAN": 51,
    "Count CopulaGAN": 52,
    "Count DP-CTGAN": 53,
    "Count GaussianCopula": 54,
    "Count MedGAN": 55,
    "Count PrivBayes": 56,
    "Count TVAE": 57,
    "Count TableGAN": 58,
    "Count WGAN-GP": 59,
    "GLMM CTAB-GAN": 60,
    "GLMM CTGAN": 61,
    "GLMM CopulaGAN": 62,
    "GLMM DP-CTGAN": 63,
    "GLMM GaussianCopula": 64,
    "GLMM MedGAN": 65,
    "GLMM PrivBayes": 66,
    "GLMM TVAE": 67,
    "GLMM TableGAN": 68,
    "GLMM WGAN-GP": 69,
    "Target CTAB-GAN": 70,
    "Target CTGAN": 71,
    "Target CopulaGAN": 72,
    "Target DP-CTGAN": 73,
    "Target GaussianCopula": 74,
    "Target MedGAN": 75,
    "Target PrivBayes": 76,
    "Target TVAE": 77,
    "Target TableGAN": 78,
    "Target WGAN-GP": 79,
    "nan CTAB-GAN": 5,
    "nan CTGAN": 7,
    "nan CopulaGAN": 8,
    "nan DP-CTGAN": 3,
    "nan GaussianCopula": 6,
    "nan MedGAN": 4,
    "nan PrivBayes": 0,
    "nan TVAE": 9,
    "nan TableGAN": 1,
    "nan WGAN-GP": 2
}