{
    "Binary CTAB-GAN": 14,
    "Binary CTGAN": 16,
    "Binary CWGAN-GP": 6,
    "Binary CopulaGAN": 18,
    "Binary DP-CTGAN": 7,
    "Binary GaussianCopula": 32,
    "Binary MedGAN": 8,
    "Binary PrivBayes": 13,
    "Binary SMOTE": 60,
    "Binary TVAE": 25,
    "Binary TableGAN": 35,
    "CV5GLMM CTAB-GAN": 47,
    "CV5GLMM CTGAN": 53,
    "CV5GLMM CWGAN-GP": 5,
    "CV5GLMM CopulaGAN": 57,
    "CV5GLMM DP-CTGAN": 30,
    "CV5GLMM GaussianCopula": 72,
    "CV5GLMM MedGAN": 28,
    "CV5GLMM PrivBayes": 49,
    "CV5GLMM SMOTE": 84,
    "CV5GLMM TVAE": 70,
    "CV5GLMM TableGAN": 27,
    "CV5Target CTAB-GAN": 45,
    "CV5Target CTGAN": 59,
    "CV5Target CWGAN-GP": 0,
    "CV5Target CopulaGAN": 51,
    "CV5Target DP-CTGAN": 33,
    "CV5Target GaussianCopula": 73,
    "CV5Target MedGAN": 10,
    "CV5Target PrivBayes": 46,
    "CV5Target SMOTE": 85,
    "CV5Target TVAE": 71,
    "CV5Target TableGAN": 15,
    "CatBoost CTAB-GAN": 41,
    "CatBoost CTGAN": 43,
    "CatBoost CWGAN-GP": 2,
    "CatBoost CopulaGAN": 56,
    "CatBoost DP-CTGAN": 26,
    "CatBoost GaussianCopula": 79,
    "CatBoost MedGAN": 19,
    "CatBoost PrivBayes": 29,
    "CatBoost SMOTE": 78,
    "CatBoost TVAE": 69,
    "CatBoost TableGAN": 11,
    "Count CTAB-GAN": 52,
    "Count CTGAN": 64,
    "Count CWGAN-GP": 3,
    "Count CopulaGAN": 66,
    "Count DP-CTGAN": 50,
    "Count GaussianCopula": 82,
    "Count MedGAN": 12,
    "Count PrivBayes": 23,
    "Count SMOTE": 83,
    "Count TVAE": 48,
    "Count TableGAN": 17,
    "GLMM CTAB-GAN": 42,
    "GLMM CTGAN": 54,
    "GLMM CWGAN-GP": 4,
    "GLMM CopulaGAN": 38,
    "GLMM DP-CTGAN": 31,
    "GLMM GaussianCopula": 74,
    "GLMM MedGAN": 24,
    "GLMM PrivBayes": 22,
    "GLMM SMOTE": 86,
    "GLMM TVAE": 37,
    "GLMM TableGAN": 36,
    "Target CTAB-GAN": 40,
    "Target CTGAN": 55,
    "Target CWGAN-GP": 1,
    "Target CopulaGAN": 39,
    "Target DP-CTGAN": 34,
    "Target GaussianCopula": 77,
    "Target MedGAN": 9,
    "Target PrivBayes": 20,
    "Target SMOTE": 87,
    "Target TVAE": 44,
    "Target TableGAN": 21,
    "nan CTAB-GAN": 58,
    "nan CTGAN": 68,
    "nan CWGAN-GP": 62,
    "nan CopulaGAN": 63,
    "nan DP-CTGAN": 61,
    "nan GaussianCopula": 76,
    "nan MedGAN": 75,
    "nan PrivBayes": 65,
    "nan SMOTE": 80,
    "nan TVAE": 81,
    "nan TableGAN": 67
}