{
    "Binary CTAB-GAN": 16,
    "Binary CTGAN": 19,
    "Binary CWGAN-GP": 0,
    "Binary CopulaGAN": 14,
    "Binary DP-CTGAN": 12,
    "Binary GaussianCopula": 43,
    "Binary MedGAN": 4,
    "Binary PrivBayes": 18,
    "Binary SMOTE": 68,
    "Binary TVAE": 36,
    "Binary TableGAN": 21,
    "CV5GLMM CTAB-GAN": 53,
    "CV5GLMM CTGAN": 59,
    "CV5GLMM CWGAN-GP": 9,
    "CV5GLMM CopulaGAN": 60,
    "CV5GLMM DP-CTGAN": 38,
    "CV5GLMM GaussianCopula": 70,
    "CV5GLMM MedGAN": 8,
    "CV5GLMM PrivBayes": 50,
    "CV5GLMM SMOTE": 85,
    "CV5GLMM TVAE": 81,
    "CV5GLMM TableGAN": 23,
    "CV5Target CTAB-GAN": 44,
    "CV5Target CTGAN": 65,
    "CV5Target CWGAN-GP": 11,
    "CV5Target CopulaGAN": 62,
    "CV5Target DP-CTGAN": 46,
    "CV5Target GaussianCopula": 72,
    "CV5Target MedGAN": 2,
    "CV5Target PrivBayes": 54,
    "CV5Target SMOTE": 82,
    "CV5Target TVAE": 77,
    "CV5Target TableGAN": 26,
    "CatBoost CTAB-GAN": 51,
    "CatBoost CTGAN": 48,
    "CatBoost CWGAN-GP": 3,
    "CatBoost CopulaGAN": 52,
    "CatBoost DP-CTGAN": 29,
    "CatBoost GaussianCopula": 76,
    "CatBoost MedGAN": 1,
    "CatBoost PrivBayes": 40,
    "CatBoost SMOTE": 83,
    "CatBoost TVAE": 78,
    "CatBoost TableGAN": 27,
    "Count CTAB-GAN": 45,
    "Count CTGAN": 49,
    "Count CWGAN-GP": 6,
    "Count CopulaGAN": 61,
    "Count DP-CTGAN": 30,
    "Count GaussianCopula": 80,
    "Count MedGAN": 15,
    "Count PrivBayes": 28,
    "Count SMOTE": 87,
    "Count TVAE": 71,
    "Count TableGAN": 5,
    "GLMM CTAB-GAN": 56,
    "GLMM CTGAN": 55,
    "GLMM CWGAN-GP": 10,
    "GLMM CopulaGAN": 57,
    "GLMM DP-CTGAN": 37,
    "GLMM GaussianCopula": 67,
    "GLMM MedGAN": 17,
    "GLMM PrivBayes": 33,
    "GLMM SMOTE": 86,
    "GLMM TVAE": 74,
    "GLMM TableGAN": 24,
    "Target CTAB-GAN": 58,
    "Target CTGAN": 64,
    "Target CWGAN-GP": 7,
    "Target CopulaGAN": 63,
    "Target DP-CTGAN": 41,
    "Target GaussianCopula": 69,
    "Target MedGAN": 13,
    "Target PrivBayes": 31,
    "Target SMOTE": 84,
    "Target TVAE": 75,
    "Target TableGAN": 25,
    "nan CTAB-GAN": 39,
    "nan CTGAN": 47,
    "nan CWGAN-GP": 22,
    "nan CopulaGAN": 42,
    "nan DP-CTGAN": 32,
    "nan GaussianCopula": 66,
    "nan MedGAN": 20,
    "nan PrivBayes": 34,
    "nan SMOTE": 73,
    "nan TVAE": 79,
    "nan TableGAN": 35
}