{
    "Binary CTAB-GAN": 8,
    "Binary CTGAN": 11,
    "Binary CWGAN-GP": 0,
    "Binary CopulaGAN": 21,
    "Binary DP-CTGAN": 1,
    "Binary GaussianCopula": 31,
    "Binary MedGAN": 2,
    "Binary PrivBayes": 48,
    "Binary SMOTE": 32,
    "Binary TVAE": 22,
    "Binary TableGAN": 27,
    "CV5GLMM CTAB-GAN": 49,
    "CV5GLMM CTGAN": 52,
    "CV5GLMM CWGAN-GP": 6,
    "CV5GLMM CopulaGAN": 54,
    "CV5GLMM DP-CTGAN": 39,
    "CV5GLMM GaussianCopula": 73,
    "CV5GLMM MedGAN": 15,
    "CV5GLMM PrivBayes": 56,
    "CV5GLMM SMOTE": 83,
    "CV5GLMM TVAE": 61,
    "CV5GLMM TableGAN": 29,
    "CV5Target CTAB-GAN": 46,
    "CV5Target CTGAN": 57,
    "CV5Target CWGAN-GP": 3,
    "CV5Target CopulaGAN": 58,
    "CV5Target DP-CTGAN": 47,
    "CV5Target GaussianCopula": 71,
    "CV5Target MedGAN": 12,
    "CV5Target PrivBayes": 59,
    "CV5Target SMOTE": 80,
    "CV5Target TVAE": 67,
    "CV5Target TableGAN": 17,
    "CatBoost CTAB-GAN": 36,
    "CatBoost CTGAN": 33,
    "CatBoost CWGAN-GP": 4,
    "CatBoost CopulaGAN": 42,
    "CatBoost DP-CTGAN": 28,
    "CatBoost GaussianCopula": 68,
    "CatBoost MedGAN": 19,
    "CatBoost PrivBayes": 30,
    "CatBoost SMOTE": 50,
    "CatBoost TVAE": 51,
    "CatBoost TableGAN": 13,
    "Count CTAB-GAN": 38,
    "Count CTGAN": 64,
    "Count CWGAN-GP": 10,
    "Count CopulaGAN": 75,
    "Count DP-CTGAN": 37,
    "Count GaussianCopula": 82,
    "Count MedGAN": 14,
    "Count PrivBayes": 24,
    "Count SMOTE": 77,
    "Count TVAE": 53,
    "Count TableGAN": 18,
    "GLMM CTAB-GAN": 43,
    "GLMM CTGAN": 63,
    "GLMM CWGAN-GP": 7,
    "GLMM CopulaGAN": 69,
    "GLMM DP-CTGAN": 45,
    "GLMM GaussianCopula": 76,
    "GLMM MedGAN": 20,
    "GLMM PrivBayes": 26,
    "GLMM SMOTE": 81,
    "GLMM TVAE": 40,
    "GLMM TableGAN": 23,
    "Target CTAB-GAN": 41,
    "Target CTGAN": 65,
    "Target CWGAN-GP": 5,
    "Target CopulaGAN": 70,
    "Target DP-CTGAN": 44,
    "Target GaussianCopula": 78,
    "Target MedGAN": 9,
    "Target PrivBayes": 16,
    "Target SMOTE": 79,
    "Target TVAE": 55,
    "Target TableGAN": 25,
    "nan CTAB-GAN": 35,
    "nan CTGAN": 66,
    "nan CWGAN-GP": 84,
    "nan CopulaGAN": 74,
    "nan DP-CTGAN": 87,
    "nan GaussianCopula": 85,
    "nan MedGAN": 62,
    "nan PrivBayes": 86,
    "nan SMOTE": 60,
    "nan TVAE": 72,
    "nan TableGAN": 34
}