{
    "Binary CTAB-GAN": 6,
    "Binary CTGAN": 22,
    "Binary CWGAN-GP": 74,
    "Binary CopulaGAN": 10,
    "Binary DP-CTGAN": 36,
    "Binary GaussianCopula": 73,
    "Binary MedGAN": 12,
    "Binary PrivBayes": 58,
    "Binary SMOTE": 75,
    "Binary TVAE": 33,
    "Binary TableGAN": 45,
    "CV5GLMM CTAB-GAN": 29,
    "CV5GLMM CTGAN": 39,
    "CV5GLMM CWGAN-GP": 76,
    "CV5GLMM CopulaGAN": 31,
    "CV5GLMM DP-CTGAN": 51,
    "CV5GLMM GaussianCopula": 61,
    "CV5GLMM MedGAN": 11,
    "CV5GLMM PrivBayes": 52,
    "CV5GLMM SMOTE": 77,
    "CV5GLMM TVAE": 25,
    "CV5GLMM TableGAN": 34,
    "CV5Target CTAB-GAN": 37,
    "CV5Target CTGAN": 40,
    "CV5Target CWGAN-GP": 78,
    "CV5Target CopulaGAN": 15,
    "CV5Target DP-CTGAN": 46,
    "CV5Target GaussianCopula": 70,
    "CV5Target MedGAN": 47,
    "CV5Target PrivBayes": 66,
    "CV5Target SMOTE": 79,
    "CV5Target TVAE": 32,
    "CV5Target TableGAN": 53,
    "CatBoost CTAB-GAN": 38,
    "CatBoost CTGAN": 18,
    "CatBoost CWGAN-GP": 80,
    "CatBoost CopulaGAN": 16,
    "CatBoost DP-CTGAN": 48,
    "CatBoost GaussianCopula": 59,
    "CatBoost MedGAN": 26,
    "CatBoost PrivBayes": 68,
    "CatBoost SMOTE": 81,
    "CatBoost TVAE": 57,
    "CatBoost TableGAN": 55,
    "Count CTAB-GAN": 49,
    "Count CTGAN": 19,
    "Count CWGAN-GP": 82,
    "Count CopulaGAN": 23,
    "Count DP-CTGAN": 50,
    "Count GaussianCopula": 72,
    "Count MedGAN": 28,
    "Count PrivBayes": 69,
    "Count SMOTE": 83,
    "Count TVAE": 24,
    "Count TableGAN": 44,
    "GLMM CTAB-GAN": 5,
    "GLMM CTGAN": 20,
    "GLMM CWGAN-GP": 84,
    "GLMM CopulaGAN": 7,
    "GLMM DP-CTGAN": 54,
    "GLMM GaussianCopula": 64,
    "GLMM MedGAN": 42,
    "GLMM PrivBayes": 35,
    "GLMM SMOTE": 85,
    "GLMM TVAE": 65,
    "GLMM TableGAN": 71,
    "Target CTAB-GAN": 41,
    "Target CTGAN": 21,
    "Target CWGAN-GP": 86,
    "Target CopulaGAN": 13,
    "Target DP-CTGAN": 56,
    "Target GaussianCopula": 62,
    "Target MedGAN": 27,
    "Target PrivBayes": 67,
    "Target SMOTE": 87,
    "Target TVAE": 63,
    "Target TableGAN": 60,
    "nan CTAB-GAN": 9,
    "nan CTGAN": 17,
    "nan CWGAN-GP": 3,
    "nan CopulaGAN": 8,
    "nan DP-CTGAN": 2,
    "nan GaussianCopula": 43,
    "nan MedGAN": 14,
    "nan PrivBayes": 0,
    "nan SMOTE": 4,
    "nan TVAE": 30,
    "nan TableGAN": 1
}