{
    "Binary CTAB-GAN": 20,
    "Binary CTGAN": 5,
    "Binary CopulaGAN": 3,
    "Binary DP-CTGAN": 2,
    "Binary GaussianCopula": 28,
    "Binary MedGAN": 0,
    "Binary PrivBayes": 6,
    "Binary TVAE": 32,
    "Binary TableGAN": 12,
    "Binary WGAN-GP": 7,
    "CV5GLMM CTAB-GAN": 56,
    "CV5GLMM CTGAN": 63,
    "CV5GLMM CopulaGAN": 66,
    "CV5GLMM DP-CTGAN": 34,
    "CV5GLMM GaussianCopula": 72,
    "CV5GLMM MedGAN": 16,
    "CV5GLMM PrivBayes": 48,
    "CV5GLMM TVAE": 73,
    "CV5GLMM TableGAN": 29,
    "CV5GLMM WGAN-GP": 36,
    "CV5Target CTAB-GAN": 49,
    "CV5Target CTGAN": 53,
    "CV5Target CopulaGAN": 59,
    "CV5Target DP-CTGAN": 24,
    "CV5Target GaussianCopula": 71,
    "CV5Target MedGAN": 1,
    "CV5Target PrivBayes": 30,
    "CV5Target TVAE": 69,
    "CV5Target TableGAN": 17,
    "CV5Target WGAN-GP": 40,
    "CatBoost CTAB-GAN": 39,
    "CatBoost CTGAN": 41,
    "CatBoost CopulaGAN": 62,
    "CatBoost DP-CTGAN": 21,
    "CatBoost GaussianCopula": 75,
    "CatBoost MedGAN": 10,
    "CatBoost PrivBayes": 22,
    "CatBoost TVAE": 76,
    "CatBoost TableGAN": 19,
    "CatBoost WGAN-GP": 42,
    "Count CTAB-GAN": 55,
    "Count CTGAN": 44,
    "Count CopulaGAN": 47,
    "Count DP-CTGAN": 26,
    "Count GaussianCopula": 74,
    "Count MedGAN": 9,
    "Count PrivBayes": 25,
    "Count TVAE": 70,
    "Count TableGAN": 8,
    "Count WGAN-GP": 35,
    "GLMM CTAB-GAN": 61,
    "GLMM CTGAN": 54,
    "GLMM CopulaGAN": 57,
    "GLMM DP-CTGAN": 37,
    "GLMM GaussianCopula": 77,
    "GLMM MedGAN": 15,
    "GLMM PrivBayes": 23,
    "GLMM TVAE": 68,
    "GLMM TableGAN": 18,
    "GLMM WGAN-GP": 45,
    "Target CTAB-GAN": 64,
    "Target CTGAN": 46,
    "Target CopulaGAN": 50,
    "Target DP-CTGAN": 27,
    "Target GaussianCopula": 78,
    "Target MedGAN": 4,
    "Target PrivBayes": 31,
    "Target TVAE": 65,
    "Target TableGAN": 14,
    "Target WGAN-GP": 38,
    "nan CTAB-GAN": 60,
    "nan CTGAN": 67,
    "nan CopulaGAN": 51,
    "nan DP-CTGAN": 43,
    "nan GaussianCopula": 58,
    "nan MedGAN": 13,
    "nan PrivBayes": 33,
    "nan TVAE": 79,
    "nan TableGAN": 11,
    "nan WGAN-GP": 52
}