{
    "Binary CTAB-GAN": 32,
    "Binary CTGAN": 35,
    "Binary CopulaGAN": 34,
    "Binary DP-CTGAN": 6,
    "Binary GaussianCopula": 36,
    "Binary MedGAN": 4,
    "Binary PrivBayes": 10,
    "Binary TVAE": 40,
    "Binary TableGAN": 0,
    "Binary WGAN-GP": 14,
    "CV5GLMM CTAB-GAN": 43,
    "CV5GLMM CTGAN": 57,
    "CV5GLMM CopulaGAN": 67,
    "CV5GLMM DP-CTGAN": 21,
    "CV5GLMM GaussianCopula": 79,
    "CV5GLMM MedGAN": 1,
    "CV5GLMM PrivBayes": 29,
    "CV5GLMM TVAE": 50,
    "CV5GLMM TableGAN": 17,
    "CV5GLMM WGAN-GP": 44,
    "CV5Target CTAB-GAN": 51,
    "CV5Target CTGAN": 58,
    "CV5Target CopulaGAN": 59,
    "CV5Target DP-CTGAN": 25,
    "CV5Target GaussianCopula": 72,
    "CV5Target MedGAN": 9,
    "CV5Target PrivBayes": 30,
    "CV5Target TVAE": 60,
    "CV5Target TableGAN": 12,
    "CV5Target WGAN-GP": 41,
    "CatBoost CTAB-GAN": 45,
    "CatBoost CTGAN": 52,
    "CatBoost CopulaGAN": 68,
    "CatBoost DP-CTGAN": 26,
    "CatBoost GaussianCopula": 77,
    "CatBoost MedGAN": 5,
    "CatBoost PrivBayes": 31,
    "CatBoost TVAE": 48,
    "CatBoost TableGAN": 8,
    "CatBoost WGAN-GP": 37,
    "Count CTAB-GAN": 42,
    "Count CTGAN": 53,
    "Count CopulaGAN": 61,
    "Count DP-CTGAN": 24,
    "Count GaussianCopula": 78,
    "Count MedGAN": 3,
    "Count PrivBayes": 16,
    "Count TVAE": 49,
    "Count TableGAN": 11,
    "Count WGAN-GP": 47,
    "GLMM CTAB-GAN": 46,
    "GLMM CTGAN": 73,
    "GLMM CopulaGAN": 62,
    "GLMM DP-CTGAN": 22,
    "GLMM GaussianCopula": 69,
    "GLMM MedGAN": 2,
    "GLMM PrivBayes": 23,
    "GLMM TVAE": 63,
    "GLMM TableGAN": 18,
    "GLMM WGAN-GP": 38,
    "Target CTAB-GAN": 76,
    "Target CTGAN": 54,
    "Target CopulaGAN": 70,
    "Target DP-CTGAN": 20,
    "Target GaussianCopula": 74,
    "Target MedGAN": 15,
    "Target PrivBayes": 19,
    "Target TVAE": 71,
    "Target TableGAN": 13,
    "Target WGAN-GP": 39,
    "nan CTAB-GAN": 64,
    "nan CTGAN": 55,
    "nan CopulaGAN": 65,
    "nan DP-CTGAN": 27,
    "nan GaussianCopula": 75,
    "nan MedGAN": 7,
    "nan PrivBayes": 28,
    "nan TVAE": 66,
    "nan TableGAN": 33,
    "nan WGAN-GP": 56
}