{
    "Binary CTAB-GAN": 6,
    "Binary CTGAN": 9,
    "Binary CopulaGAN": 13,
    "Binary DP-CTGAN": 0,
    "Binary GaussianCopula": 44,
    "Binary MedGAN": 2,
    "Binary PrivBayes": 7,
    "Binary TVAE": 4,
    "Binary TableGAN": 3,
    "Binary WGAN-GP": 1,
    "CV5GLMM CTAB-GAN": 46,
    "CV5GLMM CTGAN": 49,
    "CV5GLMM CopulaGAN": 54,
    "CV5GLMM DP-CTGAN": 37,
    "CV5GLMM GaussianCopula": 74,
    "CV5GLMM MedGAN": 15,
    "CV5GLMM PrivBayes": 39,
    "CV5GLMM TVAE": 71,
    "CV5GLMM TableGAN": 16,
    "CV5GLMM WGAN-GP": 28,
    "CV5Target CTAB-GAN": 53,
    "CV5Target CTGAN": 52,
    "CV5Target CopulaGAN": 58,
    "CV5Target DP-CTGAN": 30,
    "CV5Target GaussianCopula": 69,
    "CV5Target MedGAN": 5,
    "CV5Target PrivBayes": 33,
    "CV5Target TVAE": 70,
    "CV5Target TableGAN": 19,
    "CV5Target WGAN-GP": 26,
    "CatBoost CTAB-GAN": 40,
    "CatBoost CTGAN": 36,
    "CatBoost CopulaGAN": 47,
    "CatBoost DP-CTGAN": 20,
    "CatBoost GaussianCopula": 75,
    "CatBoost MedGAN": 8,
    "CatBoost PrivBayes": 25,
    "CatBoost TVAE": 67,
    "CatBoost TableGAN": 10,
    "CatBoost WGAN-GP": 14,
    "Count CTAB-GAN": 50,
    "Count CTGAN": 57,
    "Count CopulaGAN": 72,
    "Count DP-CTGAN": 38,
    "Count GaussianCopula": 79,
    "Count MedGAN": 21,
    "Count PrivBayes": 32,
    "Count TVAE": 45,
    "Count TableGAN": 11,
    "Count WGAN-GP": 34,
    "GLMM CTAB-GAN": 41,
    "GLMM CTGAN": 56,
    "GLMM CopulaGAN": 68,
    "GLMM DP-CTGAN": 31,
    "GLMM GaussianCopula": 77,
    "GLMM MedGAN": 17,
    "GLMM PrivBayes": 29,
    "GLMM TVAE": 59,
    "GLMM TableGAN": 18,
    "GLMM WGAN-GP": 22,
    "Target CTAB-GAN": 55,
    "Target CTGAN": 61,
    "Target CopulaGAN": 65,
    "Target DP-CTGAN": 35,
    "Target GaussianCopula": 78,
    "Target MedGAN": 12,
    "Target PrivBayes": 27,
    "Target TVAE": 48,
    "Target TableGAN": 23,
    "Target WGAN-GP": 24,
    "nan CTAB-GAN": 51,
    "nan CTGAN": 63,
    "nan CopulaGAN": 66,
    "nan DP-CTGAN": 42,
    "nan GaussianCopula": 76,
    "nan MedGAN": 73,
    "nan PrivBayes": 60,
    "nan TVAE": 64,
    "nan TableGAN": 62,
    "nan WGAN-GP": 43
}