{
    "Binary CTAB-GAN": 17,
    "Binary CTGAN": 21,
    "Binary CopulaGAN": 25,
    "Binary DP-CTGAN": 14,
    "Binary GaussianCopula": 46,
    "Binary MedGAN": 3,
    "Binary PrivBayes": 20,
    "Binary TVAE": 28,
    "Binary TableGAN": 26,
    "Binary WGAN-GP": 4,
    "CV5GLMM CTAB-GAN": 50,
    "CV5GLMM CTGAN": 53,
    "CV5GLMM CopulaGAN": 58,
    "CV5GLMM DP-CTGAN": 33,
    "CV5GLMM GaussianCopula": 76,
    "CV5GLMM MedGAN": 0,
    "CV5GLMM PrivBayes": 45,
    "CV5GLMM TVAE": 64,
    "CV5GLMM TableGAN": 9,
    "CV5GLMM WGAN-GP": 19,
    "CV5Target CTAB-GAN": 51,
    "CV5Target CTGAN": 59,
    "CV5Target CopulaGAN": 61,
    "CV5Target DP-CTGAN": 32,
    "CV5Target GaussianCopula": 73,
    "CV5Target MedGAN": 5,
    "CV5Target PrivBayes": 42,
    "CV5Target TVAE": 72,
    "CV5Target TableGAN": 15,
    "CV5Target WGAN-GP": 18,
    "CatBoost CTAB-GAN": 43,
    "CatBoost CTGAN": 47,
    "CatBoost CopulaGAN": 52,
    "CatBoost DP-CTGAN": 29,
    "CatBoost GaussianCopula": 74,
    "CatBoost MedGAN": 1,
    "CatBoost PrivBayes": 31,
    "CatBoost TVAE": 71,
    "CatBoost TableGAN": 12,
    "CatBoost WGAN-GP": 16,
    "Count CTAB-GAN": 41,
    "Count CTGAN": 65,
    "Count CopulaGAN": 68,
    "Count DP-CTGAN": 38,
    "Count GaussianCopula": 78,
    "Count MedGAN": 10,
    "Count PrivBayes": 40,
    "Count TVAE": 56,
    "Count TableGAN": 7,
    "Count WGAN-GP": 23,
    "GLMM CTAB-GAN": 48,
    "GLMM CTGAN": 54,
    "GLMM CopulaGAN": 66,
    "GLMM DP-CTGAN": 30,
    "GLMM GaussianCopula": 75,
    "GLMM MedGAN": 2,
    "GLMM PrivBayes": 35,
    "GLMM TVAE": 57,
    "GLMM TableGAN": 6,
    "GLMM WGAN-GP": 22,
    "Target CTAB-GAN": 49,
    "Target CTGAN": 67,
    "Target CopulaGAN": 69,
    "Target DP-CTGAN": 34,
    "Target GaussianCopula": 79,
    "Target MedGAN": 27,
    "Target PrivBayes": 36,
    "Target TVAE": 55,
    "Target TableGAN": 11,
    "Target WGAN-GP": 24,
    "nan CTAB-GAN": 60,
    "nan CTGAN": 63,
    "nan CopulaGAN": 62,
    "nan DP-CTGAN": 37,
    "nan GaussianCopula": 70,
    "nan MedGAN": 8,
    "nan PrivBayes": 39,
    "nan TVAE": 77,
    "nan TableGAN": 13,
    "nan WGAN-GP": 44
}