{
    "Binary CTAB-GAN": 28,
    "Binary CTGAN": 10,
    "Binary CWGAN-GP": 78,
    "Binary CopulaGAN": 15,
    "Binary DP-CTGAN": 83,
    "Binary GaussianCopula": 6,
    "Binary MedGAN": 84,
    "Binary PrivBayes": 0,
    "Binary SMOTE": 7,
    "Binary TVAE": 49,
    "Binary TableGAN": 1,
    "CV5GLMM CTAB-GAN": 32,
    "CV5GLMM CTGAN": 45,
    "CV5GLMM CWGAN-GP": 67,
    "CV5GLMM CopulaGAN": 37,
    "CV5GLMM DP-CTGAN": 55,
    "CV5GLMM GaussianCopula": 46,
    "CV5GLMM MedGAN": 77,
    "CV5GLMM PrivBayes": 68,
    "CV5GLMM SMOTE": 11,
    "CV5GLMM TVAE": 13,
    "CV5GLMM TableGAN": 71,
    "CV5Target CTAB-GAN": 36,
    "CV5Target CTGAN": 44,
    "CV5Target CWGAN-GP": 72,
    "CV5Target CopulaGAN": 38,
    "CV5Target DP-CTGAN": 56,
    "CV5Target GaussianCopula": 47,
    "CV5Target MedGAN": 79,
    "CV5Target PrivBayes": 66,
    "CV5Target SMOTE": 8,
    "CV5Target TVAE": 19,
    "CV5Target TableGAN": 57,
    "CatBoost CTAB-GAN": 50,
    "CatBoost CTGAN": 62,
    "CatBoost CWGAN-GP": 65,
    "CatBoost CopulaGAN": 52,
    "CatBoost DP-CTGAN": 59,
    "CatBoost GaussianCopula": 51,
    "CatBoost MedGAN": 64,
    "CatBoost PrivBayes": 61,
    "CatBoost SMOTE": 23,
    "CatBoost TVAE": 48,
    "CatBoost TableGAN": 60,
    "Count CTAB-GAN": 20,
    "Count CTGAN": 39,
    "Count CWGAN-GP": 73,
    "Count CopulaGAN": 24,
    "Count DP-CTGAN": 63,
    "Count GaussianCopula": 41,
    "Count MedGAN": 80,
    "Count PrivBayes": 85,
    "Count SMOTE": 9,
    "Count TVAE": 25,
    "Count TableGAN": 69,
    "GLMM CTAB-GAN": 17,
    "GLMM CTGAN": 43,
    "GLMM CWGAN-GP": 70,
    "GLMM CopulaGAN": 29,
    "GLMM DP-CTGAN": 53,
    "GLMM GaussianCopula": 34,
    "GLMM MedGAN": 75,
    "GLMM PrivBayes": 81,
    "GLMM SMOTE": 12,
    "GLMM TVAE": 31,
    "GLMM TableGAN": 82,
    "Target CTAB-GAN": 21,
    "Target CTGAN": 40,
    "Target CWGAN-GP": 74,
    "Target CopulaGAN": 42,
    "Target DP-CTGAN": 54,
    "Target GaussianCopula": 33,
    "Target MedGAN": 86,
    "Target PrivBayes": 87,
    "Target SMOTE": 27,
    "Target TVAE": 30,
    "Target TableGAN": 58,
    "nan CTAB-GAN": 18,
    "nan CTGAN": 14,
    "nan CWGAN-GP": 2,
    "nan CopulaGAN": 22,
    "nan DP-CTGAN": 4,
    "nan GaussianCopula": 26,
    "nan MedGAN": 35,
    "nan PrivBayes": 3,
    "nan SMOTE": 16,
    "nan TVAE": 5,
    "nan TableGAN": 76
}