{
    "Binary CTAB-GAN": 61,
    "Binary CTGAN": 50,
    "Binary CWGAN-GP": 84,
    "Binary CopulaGAN": 47,
    "Binary DP-CTGAN": 67,
    "Binary GaussianCopula": 13,
    "Binary MedGAN": 87,
    "Binary PrivBayes": 58,
    "Binary SMOTE": 0,
    "Binary TVAE": 23,
    "Binary TableGAN": 9,
    "CV5GLMM CTAB-GAN": 40,
    "CV5GLMM CTGAN": 39,
    "CV5GLMM CWGAN-GP": 78,
    "CV5GLMM CopulaGAN": 33,
    "CV5GLMM DP-CTGAN": 59,
    "CV5GLMM GaussianCopula": 38,
    "CV5GLMM MedGAN": 76,
    "CV5GLMM PrivBayes": 64,
    "CV5GLMM SMOTE": 2,
    "CV5GLMM TVAE": 15,
    "CV5GLMM TableGAN": 63,
    "CV5Target CTAB-GAN": 43,
    "CV5Target CTGAN": 34,
    "CV5Target CWGAN-GP": 74,
    "CV5Target CopulaGAN": 30,
    "CV5Target DP-CTGAN": 56,
    "CV5Target GaussianCopula": 41,
    "CV5Target MedGAN": 79,
    "CV5Target PrivBayes": 68,
    "CV5Target SMOTE": 3,
    "CV5Target TVAE": 16,
    "CV5Target TableGAN": 62,
    "CatBoost CTAB-GAN": 44,
    "CatBoost CTGAN": 46,
    "CatBoost CWGAN-GP": 72,
    "CatBoost CopulaGAN": 36,
    "CatBoost DP-CTGAN": 54,
    "CatBoost GaussianCopula": 45,
    "CatBoost MedGAN": 70,
    "CatBoost PrivBayes": 51,
    "CatBoost SMOTE": 4,
    "CatBoost TVAE": 24,
    "CatBoost TableGAN": 66,
    "Count CTAB-GAN": 31,
    "Count CTGAN": 21,
    "Count CWGAN-GP": 73,
    "Count CopulaGAN": 10,
    "Count DP-CTGAN": 60,
    "Count GaussianCopula": 17,
    "Count MedGAN": 85,
    "Count PrivBayes": 80,
    "Count SMOTE": 1,
    "Count TVAE": 28,
    "Count TableGAN": 65,
    "GLMM CTAB-GAN": 32,
    "GLMM CTGAN": 25,
    "GLMM CWGAN-GP": 75,
    "GLMM CopulaGAN": 14,
    "GLMM DP-CTGAN": 57,
    "GLMM GaussianCopula": 35,
    "GLMM MedGAN": 81,
    "GLMM PrivBayes": 77,
    "GLMM SMOTE": 5,
    "GLMM TVAE": 18,
    "GLMM TableGAN": 69,
    "Target CTAB-GAN": 42,
    "Target CTGAN": 27,
    "Target CWGAN-GP": 82,
    "Target CopulaGAN": 19,
    "Target DP-CTGAN": 55,
    "Target GaussianCopula": 48,
    "Target MedGAN": 86,
    "Target PrivBayes": 83,
    "Target SMOTE": 6,
    "Target TVAE": 26,
    "Target TableGAN": 71,
    "nan CTAB-GAN": 37,
    "nan CTGAN": 12,
    "nan CWGAN-GP": 52,
    "nan CopulaGAN": 11,
    "nan DP-CTGAN": 49,
    "nan GaussianCopula": 29,
    "nan MedGAN": 53,
    "nan PrivBayes": 20,
    "nan SMOTE": 7,
    "nan TVAE": 8,
    "nan TableGAN": 22
}