{
    "Binary CTAB-GAN LGBMClassifier": 46,
    "Binary CTAB-GAN nan": 145,
    "Binary CTGAN LGBMClassifier": 140,
    "Binary CTGAN nan": 127,
    "Binary CWGAN-GP LGBMClassifier": 40,
    "Binary CWGAN-GP nan": 69,
    "Binary CopulaGAN LGBMClassifier": 177,
    "Binary CopulaGAN nan": 146,
    "Binary DP-CTGAN LGBMClassifier": 128,
    "Binary DP-CTGAN nan": 141,
    "Binary GaussianCopula LGBMClassifier": 161,
    "Binary GaussianCopula nan": 153,
    "Binary MedGAN LGBMClassifier": 162,
    "Binary MedGAN nan": 70,
    "Binary PrivBayes LGBMClassifier": 147,
    "Binary PrivBayes nan": 101,
    "Binary SMOTE LGBMClassifier": 41,
    "Binary SMOTE nan": 102,
    "Binary TVAE LGBMClassifier": 71,
    "Binary TVAE nan": 148,
    "Binary TableGAN LGBMClassifier": 103,
    "Binary TableGAN nan": 4,
    "Binary nan LGBMClassifier": 72,
    "Binary nan nan": 26,
    "CV5GLMM CTAB-GAN LGBMClassifier": 73,
    "CV5GLMM CTAB-GAN nan": 104,
    "CV5GLMM CTGAN LGBMClassifier": 163,
    "CV5GLMM CTGAN nan": 74,
    "CV5GLMM CWGAN-GP LGBMClassifier": 129,
    "CV5GLMM CWGAN-GP nan": 105,
    "CV5GLMM CopulaGAN LGBMClassifier": 164,
    "CV5GLMM CopulaGAN nan": 36,
    "CV5GLMM DP-CTGAN LGBMClassifier": 186,
    "CV5GLMM DP-CTGAN nan": 31,
    "CV5GLMM GaussianCopula LGBMClassifier": 75,
    "CV5GLMM GaussianCopula nan": 47,
    "CV5GLMM MedGAN LGBMClassifier": 190,
    "CV5GLMM MedGAN nan": 76,
    "CV5GLMM PrivBayes LGBMClassifier": 149,
    "CV5GLMM PrivBayes nan": 15,
    "CV5GLMM SMOTE LGBMClassifier": 52,
    "CV5GLMM SMOTE nan": 169,
    "CV5GLMM TVAE LGBMClassifier": 53,
    "CV5GLMM TVAE nan": 10,
    "CV5GLMM TableGAN LGBMClassifier": 106,
    "CV5GLMM TableGAN nan": 150,
    "CV5GLMM nan LGBMClassifier": 54,
    "CV5GLMM nan nan": 158,
    "CV5Target CTAB-GAN LGBMClassifier": 48,
    "CV5Target CTAB-GAN nan": 6,
    "CV5Target CTGAN LGBMClassifier": 189,
    "CV5Target CTGAN nan": 107,
    "CV5Target CWGAN-GP LGBMClassifier": 151,
    "CV5Target CWGAN-GP nan": 37,
    "CV5Target CopulaGAN LGBMClassifier": 130,
    "CV5Target CopulaGAN nan": 77,
    "CV5Target DP-CTGAN LGBMClassifier": 49,
    "CV5Target DP-CTGAN nan": 55,
    "CV5Target GaussianCopula LGBMClassifier": 165,
    "CV5Target GaussianCopula nan": 170,
    "CV5Target MedGAN LGBMClassifier": 178,
    "CV5Target MedGAN nan": 78,
    "CV5Target PrivBayes LGBMClassifier": 108,
    "CV5Target PrivBayes nan": 50,
    "CV5Target SMOTE LGBMClassifier": 109,
    "CV5Target SMOTE nan": 154,
    "CV5Target TVAE LGBMClassifier": 110,
    "CV5Target TVAE nan": 16,
    "CV5Target TableGAN LGBMClassifier": 131,
    "CV5Target TableGAN nan": 79,
    "CV5Target nan LGBMClassifier": 80,
    "CV5Target nan nan": 160,
    "CatBoost CTAB-GAN LGBMClassifier": 166,
    "CatBoost CTAB-GAN nan": 155,
    "CatBoost CTGAN LGBMClassifier": 132,
    "CatBoost CTGAN nan": 111,
    "CatBoost CWGAN-GP LGBMClassifier": 2,
    "CatBoost CWGAN-GP nan": 112,
    "CatBoost CopulaGAN LGBMClassifier": 176,
    "CatBoost CopulaGAN nan": 9,
    "CatBoost DP-CTGAN LGBMClassifier": 113,
    "CatBoost DP-CTGAN nan": 114,
    "CatBoost GaussianCopula LGBMClassifier": 56,
    "CatBoost GaussianCopula nan": 171,
    "CatBoost MedGAN LGBMClassifier": 57,
    "CatBoost MedGAN nan": 7,
    "CatBoost PrivBayes LGBMClassifier": 115,
    "CatBoost PrivBayes nan": 81,
    "CatBoost SMOTE LGBMClassifier": 11,
    "CatBoost SMOTE nan": 116,
    "CatBoost TVAE LGBMClassifier": 142,
    "CatBoost TVAE nan": 58,
    "CatBoost TableGAN LGBMClassifier": 59,
    "CatBoost TableGAN nan": 82,
    "CatBoost nan LGBMClassifier": 117,
    "CatBoost nan nan": 42,
    "Count CTAB-GAN LGBMClassifier": 118,
    "Count CTAB-GAN nan": 43,
    "Count CTGAN LGBMClassifier": 187,
    "Count CTGAN nan": 12,
    "Count CWGAN-GP LGBMClassifier": 17,
    "Count CWGAN-GP nan": 119,
    "Count CopulaGAN LGBMClassifier": 156,
    "Count CopulaGAN nan": 1,
    "Count DP-CTGAN LGBMClassifier": 120,
    "Count DP-CTGAN nan": 60,
    "Count GaussianCopula LGBMClassifier": 19,
    "Count GaussianCopula nan": 167,
    "Count MedGAN LGBMClassifier": 180,
    "Count MedGAN nan": 83,
    "Count PrivBayes LGBMClassifier": 61,
    "Count PrivBayes nan": 84,
    "Count SMOTE LGBMClassifier": 14,
    "Count SMOTE nan": 62,
    "Count TVAE LGBMClassifier": 32,
    "Count TVAE nan": 133,
    "Count TableGAN LGBMClassifier": 85,
    "Count TableGAN nan": 86,
    "Count nan LGBMClassifier": 87,
    "Count nan nan": 20,
    "GLMM CTAB-GAN LGBMClassifier": 134,
    "GLMM CTAB-GAN nan": 88,
    "GLMM CTGAN LGBMClassifier": 135,
    "GLMM CTGAN nan": 89,
    "GLMM CWGAN-GP LGBMClassifier": 121,
    "GLMM CWGAN-GP nan": 27,
    "GLMM CopulaGAN LGBMClassifier": 38,
    "GLMM CopulaGAN nan": 143,
    "GLMM DP-CTGAN LGBMClassifier": 122,
    "GLMM DP-CTGAN nan": 33,
    "GLMM GaussianCopula LGBMClassifier": 39,
    "GLMM GaussianCopula nan": 157,
    "GLMM MedGAN LGBMClassifier": 183,
    "GLMM MedGAN nan": 90,
    "GLMM PrivBayes LGBMClassifier": 63,
    "GLMM PrivBayes nan": 136,
    "GLMM SMOTE LGBMClassifier": 28,
    "GLMM SMOTE nan": 152,
    "GLMM TVAE LGBMClassifier": 172,
    "GLMM TVAE nan": 64,
    "GLMM TableGAN LGBMClassifier": 144,
    "GLMM TableGAN nan": 65,
    "GLMM nan LGBMClassifier": 91,
    "GLMM nan nan": 21,
    "Target CTAB-GAN LGBMClassifier": 3,
    "Target CTAB-GAN nan": 13,
    "Target CTGAN LGBMClassifier": 66,
    "Target CTGAN nan": 92,
    "Target CWGAN-GP LGBMClassifier": 137,
    "Target CWGAN-GP nan": 22,
    "Target CopulaGAN LGBMClassifier": 174,
    "Target CopulaGAN nan": 67,
    "Target DP-CTGAN LGBMClassifier": 138,
    "Target DP-CTGAN nan": 93,
    "Target GaussianCopula LGBMClassifier": 34,
    "Target GaussianCopula nan": 159,
    "Target MedGAN LGBMClassifier": 184,
    "Target MedGAN nan": 94,
    "Target PrivBayes LGBMClassifier": 44,
    "Target PrivBayes nan": 23,
    "Target SMOTE LGBMClassifier": 35,
    "Target SMOTE nan": 175,
    "Target TVAE LGBMClassifier": 45,
    "Target TVAE nan": 168,
    "Target TableGAN LGBMClassifier": 51,
    "Target TableGAN nan": 123,
    "Target nan LGBMClassifier": 95,
    "Target nan nan": 24,
    "nan CTAB-GAN LGBMClassifier": 124,
    "nan CTAB-GAN nan": 8,
    "nan CTGAN LGBMClassifier": 188,
    "nan CTGAN nan": 25,
    "nan CWGAN-GP LGBMClassifier": 0,
    "nan CWGAN-GP nan": 68,
    "nan CopulaGAN LGBMClassifier": 173,
    "nan CopulaGAN nan": 96,
    "nan DP-CTGAN LGBMClassifier": 125,
    "nan DP-CTGAN nan": 97,
    "nan GaussianCopula LGBMClassifier": 179,
    "nan GaussianCopula nan": 182,
    "nan MedGAN LGBMClassifier": 191,
    "nan MedGAN nan": 126,
    "nan PrivBayes LGBMClassifier": 98,
    "nan PrivBayes nan": 5,
    "nan SMOTE LGBMClassifier": 18,
    "nan SMOTE nan": 181,
    "nan TVAE LGBMClassifier": 139,
    "nan TVAE nan": 29,
    "nan TableGAN LGBMClassifier": 185,
    "nan TableGAN nan": 99,
    "nan nan LGBMClassifier": 100,
    "nan nan nan": 30
}