{
    "Binary CTAB-GAN LGBMClassifier": 100,
    "Binary CTAB-GAN nan": 22,
    "Binary CTGAN LGBMClassifier": 65,
    "Binary CTGAN nan": 8,
    "Binary CWGAN-GP LGBMClassifier": 129,
    "Binary CWGAN-GP nan": 57,
    "Binary CopulaGAN LGBMClassifier": 101,
    "Binary CopulaGAN nan": 17,
    "Binary DP-CTGAN LGBMClassifier": 158,
    "Binary DP-CTGAN nan": 127,
    "Binary GaussianCopula LGBMClassifier": 92,
    "Binary GaussianCopula nan": 41,
    "Binary MedGAN LGBMClassifier": 159,
    "Binary MedGAN nan": 109,
    "Binary PrivBayes LGBMClassifier": 76,
    "Binary PrivBayes nan": 61,
    "Binary SMOTE LGBMClassifier": 94,
    "Binary SMOTE nan": 140,
    "Binary TVAE LGBMClassifier": 70,
    "Binary TVAE nan": 14,
    "Binary TableGAN LGBMClassifier": 130,
    "Binary TableGAN nan": 37,
    "Binary nan LGBMClassifier": 187,
    "Binary nan nan": 160,
    "CV5GLMM CTAB-GAN LGBMClassifier": 161,
    "CV5GLMM CTAB-GAN nan": 15,
    "CV5GLMM CTGAN LGBMClassifier": 141,
    "CV5GLMM CTGAN nan": 10,
    "CV5GLMM CWGAN-GP LGBMClassifier": 110,
    "CV5GLMM CWGAN-GP nan": 53,
    "CV5GLMM CopulaGAN LGBMClassifier": 142,
    "CV5GLMM CopulaGAN nan": 4,
    "CV5GLMM DP-CTGAN LGBMClassifier": 111,
    "CV5GLMM DP-CTGAN nan": 95,
    "CV5GLMM GaussianCopula LGBMClassifier": 181,
    "CV5GLMM GaussianCopula nan": 31,
    "CV5GLMM MedGAN LGBMClassifier": 115,
    "CV5GLMM MedGAN nan": 49,
    "CV5GLMM PrivBayes LGBMClassifier": 102,
    "CV5GLMM PrivBayes nan": 80,
    "CV5GLMM SMOTE LGBMClassifier": 96,
    "CV5GLMM SMOTE nan": 112,
    "CV5GLMM TVAE LGBMClassifier": 177,
    "CV5GLMM TVAE nan": 26,
    "CV5GLMM TableGAN LGBMClassifier": 45,
    "CV5GLMM TableGAN nan": 23,
    "CV5GLMM nan LGBMClassifier": 185,
    "CV5GLMM nan nan": 113,
    "CV5Target CTAB-GAN LGBMClassifier": 150,
    "CV5Target CTAB-GAN nan": 55,
    "CV5Target CTGAN LGBMClassifier": 162,
    "CV5Target CTGAN nan": 7,
    "CV5Target CWGAN-GP LGBMClassifier": 40,
    "CV5Target CWGAN-GP nan": 33,
    "CV5Target CopulaGAN LGBMClassifier": 151,
    "CV5Target CopulaGAN nan": 5,
    "CV5Target DP-CTGAN LGBMClassifier": 81,
    "CV5Target DP-CTGAN nan": 68,
    "CV5Target GaussianCopula LGBMClassifier": 122,
    "CV5Target GaussianCopula nan": 46,
    "CV5Target MedGAN LGBMClassifier": 116,
    "CV5Target MedGAN nan": 50,
    "CV5Target PrivBayes LGBMClassifier": 43,
    "CV5Target PrivBayes nan": 54,
    "CV5Target SMOTE LGBMClassifier": 163,
    "CV5Target SMOTE nan": 168,
    "CV5Target TVAE LGBMClassifier": 184,
    "CV5Target TVAE nan": 3,
    "CV5Target TableGAN LGBMClassifier": 82,
    "CV5Target TableGAN nan": 42,
    "CV5Target nan LGBMClassifier": 186,
    "CV5Target nan nan": 117,
    "CatBoost CTAB-GAN LGBMClassifier": 170,
    "CatBoost CTAB-GAN nan": 16,
    "CatBoost CTGAN LGBMClassifier": 97,
    "CatBoost CTGAN nan": 0,
    "CatBoost CWGAN-GP LGBMClassifier": 51,
    "CatBoost CWGAN-GP nan": 19,
    "CatBoost CopulaGAN LGBMClassifier": 143,
    "CatBoost CopulaGAN nan": 18,
    "CatBoost DP-CTGAN LGBMClassifier": 178,
    "CatBoost DP-CTGAN nan": 103,
    "CatBoost GaussianCopula LGBMClassifier": 104,
    "CatBoost GaussianCopula nan": 34,
    "CatBoost MedGAN LGBMClassifier": 171,
    "CatBoost MedGAN nan": 9,
    "CatBoost PrivBayes LGBMClassifier": 77,
    "CatBoost PrivBayes nan": 12,
    "CatBoost SMOTE LGBMClassifier": 172,
    "CatBoost SMOTE nan": 128,
    "CatBoost TVAE LGBMClassifier": 144,
    "CatBoost TVAE nan": 60,
    "CatBoost TableGAN LGBMClassifier": 72,
    "CatBoost TableGAN nan": 29,
    "CatBoost nan LGBMClassifier": 145,
    "CatBoost nan nan": 173,
    "Count CTAB-GAN LGBMClassifier": 131,
    "Count CTAB-GAN nan": 56,
    "Count CTGAN LGBMClassifier": 132,
    "Count CTGAN nan": 11,
    "Count CWGAN-GP LGBMClassifier": 66,
    "Count CWGAN-GP nan": 47,
    "Count CopulaGAN LGBMClassifier": 146,
    "Count CopulaGAN nan": 20,
    "Count DP-CTGAN LGBMClassifier": 152,
    "Count DP-CTGAN nan": 93,
    "Count GaussianCopula LGBMClassifier": 174,
    "Count GaussianCopula nan": 87,
    "Count MedGAN LGBMClassifier": 133,
    "Count MedGAN nan": 123,
    "Count PrivBayes LGBMClassifier": 153,
    "Count PrivBayes nan": 147,
    "Count SMOTE LGBMClassifier": 166,
    "Count SMOTE nan": 118,
    "Count TVAE LGBMClassifier": 164,
    "Count TVAE nan": 44,
    "Count TableGAN LGBMClassifier": 134,
    "Count TableGAN nan": 6,
    "Count nan LGBMClassifier": 189,
    "Count nan nan": 135,
    "GLMM CTAB-GAN LGBMClassifier": 119,
    "GLMM CTAB-GAN nan": 58,
    "GLMM CTGAN LGBMClassifier": 105,
    "GLMM CTGAN nan": 48,
    "GLMM CWGAN-GP LGBMClassifier": 78,
    "GLMM CWGAN-GP nan": 88,
    "GLMM CopulaGAN LGBMClassifier": 114,
    "GLMM CopulaGAN nan": 13,
    "GLMM DP-CTGAN LGBMClassifier": 154,
    "GLMM DP-CTGAN nan": 124,
    "GLMM GaussianCopula LGBMClassifier": 182,
    "GLMM GaussianCopula nan": 63,
    "GLMM MedGAN LGBMClassifier": 136,
    "GLMM MedGAN nan": 38,
    "GLMM PrivBayes LGBMClassifier": 106,
    "GLMM PrivBayes nan": 125,
    "GLMM SMOTE LGBMClassifier": 83,
    "GLMM SMOTE nan": 126,
    "GLMM TVAE LGBMClassifier": 67,
    "GLMM TVAE nan": 36,
    "GLMM TableGAN LGBMClassifier": 62,
    "GLMM TableGAN nan": 59,
    "GLMM nan LGBMClassifier": 190,
    "GLMM nan nan": 137,
    "Target CTAB-GAN LGBMClassifier": 175,
    "Target CTAB-GAN nan": 64,
    "Target CTGAN LGBMClassifier": 183,
    "Target CTGAN nan": 27,
    "Target CWGAN-GP LGBMClassifier": 89,
    "Target CWGAN-GP nan": 84,
    "Target CopulaGAN LGBMClassifier": 98,
    "Target CopulaGAN nan": 28,
    "Target DP-CTGAN LGBMClassifier": 155,
    "Target DP-CTGAN nan": 79,
    "Target GaussianCopula LGBMClassifier": 148,
    "Target GaussianCopula nan": 99,
    "Target MedGAN LGBMClassifier": 138,
    "Target MedGAN nan": 73,
    "Target PrivBayes LGBMClassifier": 74,
    "Target PrivBayes nan": 85,
    "Target SMOTE LGBMClassifier": 107,
    "Target SMOTE nan": 120,
    "Target TVAE LGBMClassifier": 90,
    "Target TVAE nan": 52,
    "Target TableGAN LGBMClassifier": 91,
    "Target TableGAN nan": 30,
    "Target nan LGBMClassifier": 191,
    "Target nan nan": 139,
    "nan CTAB-GAN LGBMClassifier": 156,
    "nan CTAB-GAN nan": 32,
    "nan CTGAN LGBMClassifier": 176,
    "nan CTGAN nan": 1,
    "nan CWGAN-GP LGBMClassifier": 179,
    "nan CWGAN-GP nan": 24,
    "nan CopulaGAN LGBMClassifier": 167,
    "nan CopulaGAN nan": 2,
    "nan DP-CTGAN LGBMClassifier": 180,
    "nan DP-CTGAN nan": 21,
    "nan GaussianCopula LGBMClassifier": 149,
    "nan GaussianCopula nan": 35,
    "nan MedGAN LGBMClassifier": 157,
    "nan MedGAN nan": 39,
    "nan PrivBayes LGBMClassifier": 108,
    "nan PrivBayes nan": 71,
    "nan SMOTE LGBMClassifier": 75,
    "nan SMOTE nan": 86,
    "nan TVAE LGBMClassifier": 169,
    "nan TVAE nan": 69,
    "nan TableGAN LGBMClassifier": 121,
    "nan TableGAN nan": 25,
    "nan nan LGBMClassifier": 188,
    "nan nan nan": 165
}