{
    "Binary CTAB-GAN": 24,
    "Binary CTGAN": 32,
    "Binary CWGAN-GP": 82,
    "Binary CopulaGAN": 22,
    "Binary DP-CTGAN": 85,
    "Binary GaussianCopula": 11,
    "Binary MedGAN": 83,
    "Binary PrivBayes": 31,
    "Binary SMOTE": 10,
    "Binary TVAE": 12,
    "Binary TableGAN": 15,
    "CV5GLMM CTAB-GAN": 46,
    "CV5GLMM CTGAN": 55,
    "CV5GLMM CWGAN-GP": 71,
    "CV5GLMM CopulaGAN": 39,
    "CV5GLMM DP-CTGAN": 60,
    "CV5GLMM GaussianCopula": 43,
    "CV5GLMM MedGAN": 75,
    "CV5GLMM PrivBayes": 66,
    "CV5GLMM SMOTE": 2,
    "CV5GLMM TVAE": 25,
    "CV5GLMM TableGAN": 67,
    "CV5Target CTAB-GAN": 44,
    "CV5Target CTGAN": 54,
    "CV5Target CWGAN-GP": 76,
    "CV5Target CopulaGAN": 40,
    "CV5Target DP-CTGAN": 57,
    "CV5Target GaussianCopula": 41,
    "CV5Target MedGAN": 64,
    "CV5Target PrivBayes": 72,
    "CV5Target SMOTE": 3,
    "CV5Target TVAE": 26,
    "CV5Target TableGAN": 86,
    "CatBoost CTAB-GAN": 42,
    "CatBoost CTGAN": 52,
    "CatBoost CWGAN-GP": 70,
    "CatBoost CopulaGAN": 47,
    "CatBoost DP-CTGAN": 56,
    "CatBoost GaussianCopula": 48,
    "CatBoost MedGAN": 63,
    "CatBoost PrivBayes": 50,
    "CatBoost SMOTE": 9,
    "CatBoost TVAE": 27,
    "CatBoost TableGAN": 81,
    "Count CTAB-GAN": 19,
    "Count CTGAN": 29,
    "Count CWGAN-GP": 65,
    "Count CopulaGAN": 20,
    "Count DP-CTGAN": 37,
    "Count GaussianCopula": 28,
    "Count MedGAN": 78,
    "Count PrivBayes": 84,
    "Count SMOTE": 8,
    "Count TVAE": 23,
    "Count TableGAN": 53,
    "GLMM CTAB-GAN": 62,
    "GLMM CTGAN": 49,
    "GLMM CWGAN-GP": 68,
    "GLMM CopulaGAN": 33,
    "GLMM DP-CTGAN": 58,
    "GLMM GaussianCopula": 36,
    "GLMM MedGAN": 73,
    "GLMM PrivBayes": 79,
    "GLMM SMOTE": 4,
    "GLMM TVAE": 45,
    "GLMM TableGAN": 77,
    "Target CTAB-GAN": 61,
    "Target CTGAN": 51,
    "Target CWGAN-GP": 69,
    "Target CopulaGAN": 35,
    "Target DP-CTGAN": 59,
    "Target GaussianCopula": 38,
    "Target MedGAN": 74,
    "Target PrivBayes": 80,
    "Target SMOTE": 5,
    "Target TVAE": 30,
    "Target TableGAN": 87,
    "nan CTAB-GAN": 16,
    "nan CTGAN": 7,
    "nan CWGAN-GP": 0,
    "nan CopulaGAN": 13,
    "nan DP-CTGAN": 18,
    "nan GaussianCopula": 14,
    "nan MedGAN": 21,
    "nan PrivBayes": 6,
    "nan SMOTE": 17,
    "nan TVAE": 1,
    "nan TableGAN": 34
}