{
    "Binary CTAB-GAN": 30,
    "Binary CTGAN": 23,
    "Binary CWGAN-GP": 69,
    "Binary CopulaGAN": 15,
    "Binary DP-CTGAN": 36,
    "Binary GaussianCopula": 11,
    "Binary MedGAN": 77,
    "Binary PrivBayes": 25,
    "Binary SMOTE": 2,
    "Binary TVAE": 8,
    "Binary TableGAN": 32,
    "CV5GLMM CTAB-GAN": 52,
    "CV5GLMM CTGAN": 53,
    "CV5GLMM CWGAN-GP": 75,
    "CV5GLMM CopulaGAN": 49,
    "CV5GLMM DP-CTGAN": 60,
    "CV5GLMM GaussianCopula": 42,
    "CV5GLMM MedGAN": 80,
    "CV5GLMM PrivBayes": 67,
    "CV5GLMM SMOTE": 0,
    "CV5GLMM TVAE": 31,
    "CV5GLMM TableGAN": 81,
    "CV5Target CTAB-GAN": 54,
    "CV5Target CTGAN": 50,
    "CV5Target CWGAN-GP": 73,
    "CV5Target CopulaGAN": 51,
    "CV5Target DP-CTGAN": 61,
    "CV5Target GaussianCopula": 43,
    "CV5Target MedGAN": 79,
    "CV5Target PrivBayes": 68,
    "CV5Target SMOTE": 1,
    "CV5Target TVAE": 29,
    "CV5Target TableGAN": 86,
    "CatBoost CTAB-GAN": 44,
    "CatBoost CTGAN": 48,
    "CatBoost CWGAN-GP": 70,
    "CatBoost CopulaGAN": 47,
    "CatBoost DP-CTGAN": 58,
    "CatBoost GaussianCopula": 41,
    "CatBoost MedGAN": 82,
    "CatBoost PrivBayes": 64,
    "CatBoost SMOTE": 3,
    "CatBoost TVAE": 28,
    "CatBoost TableGAN": 78,
    "Count CTAB-GAN": 19,
    "Count CTGAN": 21,
    "Count CWGAN-GP": 65,
    "Count CopulaGAN": 17,
    "Count DP-CTGAN": 27,
    "Count GaussianCopula": 22,
    "Count MedGAN": 56,
    "Count PrivBayes": 35,
    "Count SMOTE": 4,
    "Count TVAE": 9,
    "Count TableGAN": 66,
    "GLMM CTAB-GAN": 46,
    "GLMM CTGAN": 39,
    "GLMM CWGAN-GP": 76,
    "GLMM CopulaGAN": 37,
    "GLMM DP-CTGAN": 62,
    "GLMM GaussianCopula": 33,
    "GLMM MedGAN": 84,
    "GLMM PrivBayes": 72,
    "GLMM SMOTE": 6,
    "GLMM TVAE": 12,
    "GLMM TableGAN": 83,
    "Target CTAB-GAN": 45,
    "Target CTGAN": 40,
    "Target CWGAN-GP": 74,
    "Target CopulaGAN": 38,
    "Target DP-CTGAN": 63,
    "Target GaussianCopula": 34,
    "Target MedGAN": 85,
    "Target PrivBayes": 71,
    "Target SMOTE": 7,
    "Target TVAE": 14,
    "Target TableGAN": 87,
    "nan CTAB-GAN": 20,
    "nan CTGAN": 18,
    "nan CWGAN-GP": 55,
    "nan CopulaGAN": 16,
    "nan DP-CTGAN": 26,
    "nan GaussianCopula": 13,
    "nan MedGAN": 57,
    "nan PrivBayes": 24,
    "nan SMOTE": 5,
    "nan TVAE": 10,
    "nan TableGAN": 59
}