{
    "Binary CTAB-GAN": 50,
    "Binary CTGAN": 46,
    "Binary CWGAN-GP": 77,
    "Binary CopulaGAN": 49,
    "Binary DP-CTGAN": 79,
    "Binary GaussianCopula": 19,
    "Binary MedGAN": 80,
    "Binary PrivBayes": 47,
    "Binary SMOTE": 8,
    "Binary TVAE": 17,
    "Binary TableGAN": 65,
    "CV5GLMM CTAB-GAN": 32,
    "CV5GLMM CTGAN": 37,
    "CV5GLMM CWGAN-GP": 71,
    "CV5GLMM CopulaGAN": 39,
    "CV5GLMM DP-CTGAN": 51,
    "CV5GLMM GaussianCopula": 44,
    "CV5GLMM MedGAN": 74,
    "CV5GLMM PrivBayes": 67,
    "CV5GLMM SMOTE": 4,
    "CV5GLMM TVAE": 11,
    "CV5GLMM TableGAN": 76,
    "CV5Target CTAB-GAN": 21,
    "CV5Target CTGAN": 43,
    "CV5Target CWGAN-GP": 72,
    "CV5Target CopulaGAN": 36,
    "CV5Target DP-CTGAN": 52,
    "CV5Target GaussianCopula": 42,
    "CV5Target MedGAN": 78,
    "CV5Target PrivBayes": 63,
    "CV5Target SMOTE": 3,
    "CV5Target TVAE": 20,
    "CV5Target TableGAN": 60,
    "CatBoost CTAB-GAN": 25,
    "CatBoost CTGAN": 40,
    "CatBoost CWGAN-GP": 61,
    "CatBoost CopulaGAN": 38,
    "CatBoost DP-CTGAN": 48,
    "CatBoost GaussianCopula": 41,
    "CatBoost MedGAN": 66,
    "CatBoost PrivBayes": 57,
    "CatBoost SMOTE": 5,
    "CatBoost TVAE": 10,
    "CatBoost TableGAN": 70,
    "Count CTAB-GAN": 13,
    "Count CTGAN": 27,
    "Count CWGAN-GP": 73,
    "Count CopulaGAN": 22,
    "Count DP-CTGAN": 53,
    "Count GaussianCopula": 33,
    "Count MedGAN": 81,
    "Count PrivBayes": 82,
    "Count SMOTE": 0,
    "Count TVAE": 12,
    "Count TableGAN": 56,
    "GLMM CTAB-GAN": 15,
    "GLMM CTGAN": 34,
    "GLMM CWGAN-GP": 68,
    "GLMM CopulaGAN": 28,
    "GLMM DP-CTGAN": 54,
    "GLMM GaussianCopula": 30,
    "GLMM MedGAN": 83,
    "GLMM PrivBayes": 84,
    "GLMM SMOTE": 1,
    "GLMM TVAE": 14,
    "GLMM TableGAN": 75,
    "Target CTAB-GAN": 16,
    "Target CTGAN": 35,
    "Target CWGAN-GP": 69,
    "Target CopulaGAN": 29,
    "Target DP-CTGAN": 55,
    "Target GaussianCopula": 31,
    "Target MedGAN": 85,
    "Target PrivBayes": 86,
    "Target SMOTE": 2,
    "Target TVAE": 23,
    "Target TableGAN": 64,
    "nan CTAB-GAN": 9,
    "nan CTGAN": 18,
    "nan CWGAN-GP": 58,
    "nan CopulaGAN": 45,
    "nan DP-CTGAN": 59,
    "nan GaussianCopula": 26,
    "nan MedGAN": 24,
    "nan PrivBayes": 62,
    "nan SMOTE": 7,
    "nan TVAE": 6,
    "nan TableGAN": 87
}