{
    "Binary CTAB-GAN": 51,
    "Binary CTGAN": 49,
    "Binary CWGAN-GP": 85,
    "Binary CopulaGAN": 48,
    "Binary DP-CTGAN": 64,
    "Binary GaussianCopula": 33,
    "Binary MedGAN": 87,
    "Binary PrivBayes": 52,
    "Binary SMOTE": 0,
    "Binary TVAE": 41,
    "Binary TableGAN": 66,
    "CV5GLMM CTAB-GAN": 35,
    "CV5GLMM CTGAN": 38,
    "CV5GLMM CWGAN-GP": 77,
    "CV5GLMM CopulaGAN": 22,
    "CV5GLMM DP-CTGAN": 58,
    "CV5GLMM GaussianCopula": 42,
    "CV5GLMM MedGAN": 78,
    "CV5GLMM PrivBayes": 68,
    "CV5GLMM SMOTE": 2,
    "CV5GLMM TVAE": 14,
    "CV5GLMM TableGAN": 72,
    "CV5Target CTAB-GAN": 24,
    "CV5Target CTGAN": 39,
    "CV5Target CWGAN-GP": 70,
    "CV5Target CopulaGAN": 20,
    "CV5Target DP-CTGAN": 61,
    "CV5Target GaussianCopula": 36,
    "CV5Target MedGAN": 80,
    "CV5Target PrivBayes": 67,
    "CV5Target SMOTE": 3,
    "CV5Target TVAE": 15,
    "CV5Target TableGAN": 59,
    "CatBoost CTAB-GAN": 45,
    "CatBoost CTGAN": 46,
    "CatBoost CWGAN-GP": 73,
    "CatBoost CopulaGAN": 40,
    "CatBoost DP-CTGAN": 54,
    "CatBoost GaussianCopula": 43,
    "CatBoost MedGAN": 65,
    "CatBoost PrivBayes": 47,
    "CatBoost SMOTE": 4,
    "CatBoost TVAE": 19,
    "CatBoost TableGAN": 55,
    "Count CTAB-GAN": 30,
    "Count CTGAN": 21,
    "Count CWGAN-GP": 74,
    "Count CopulaGAN": 9,
    "Count DP-CTGAN": 56,
    "Count GaussianCopula": 28,
    "Count MedGAN": 86,
    "Count PrivBayes": 81,
    "Count SMOTE": 1,
    "Count TVAE": 16,
    "Count TableGAN": 71,
    "GLMM CTAB-GAN": 44,
    "GLMM CTGAN": 23,
    "GLMM CWGAN-GP": 75,
    "GLMM CopulaGAN": 10,
    "GLMM DP-CTGAN": 60,
    "GLMM GaussianCopula": 26,
    "GLMM MedGAN": 83,
    "GLMM PrivBayes": 79,
    "GLMM SMOTE": 5,
    "GLMM TVAE": 17,
    "GLMM TableGAN": 69,
    "Target CTAB-GAN": 37,
    "Target CTGAN": 25,
    "Target CWGAN-GP": 76,
    "Target CopulaGAN": 13,
    "Target DP-CTGAN": 57,
    "Target GaussianCopula": 34,
    "Target MedGAN": 84,
    "Target PrivBayes": 82,
    "Target SMOTE": 6,
    "Target TVAE": 18,
    "Target TableGAN": 63,
    "nan CTAB-GAN": 31,
    "nan CTGAN": 11,
    "nan CWGAN-GP": 62,
    "nan CopulaGAN": 12,
    "nan DP-CTGAN": 50,
    "nan GaussianCopula": 27,
    "nan MedGAN": 53,
    "nan PrivBayes": 32,
    "nan SMOTE": 7,
    "nan TVAE": 8,
    "nan TableGAN": 29
}