{
    "Binary CTAB-GAN": 49,
    "Binary CTGAN": 69,
    "Binary CopulaGAN": 65,
    "Binary DP-CTGAN": 79,
    "Binary GaussianCopula": 30,
    "Binary MedGAN": 58,
    "Binary PrivBayes": 78,
    "Binary TVAE": 5,
    "Binary TableGAN": 61,
    "Binary WGAN-GP": 62,
    "CV5GLMM CTAB-GAN": 36,
    "CV5GLMM CTGAN": 56,
    "CV5GLMM CopulaGAN": 51,
    "CV5GLMM DP-CTGAN": 71,
    "CV5GLMM GaussianCopula": 38,
    "CV5GLMM MedGAN": 32,
    "CV5GLMM PrivBayes": 72,
    "CV5GLMM TVAE": 7,
    "CV5GLMM TableGAN": 25,
    "CV5GLMM WGAN-GP": 55,
    "CV5Target CTAB-GAN": 20,
    "CV5Target CTGAN": 39,
    "CV5Target CopulaGAN": 37,
    "CV5Target DP-CTGAN": 68,
    "CV5Target GaussianCopula": 26,
    "CV5Target MedGAN": 23,
    "CV5Target PrivBayes": 66,
    "CV5Target TVAE": 6,
    "CV5Target TableGAN": 28,
    "CV5Target WGAN-GP": 48,
    "CatBoost CTAB-GAN": 11,
    "CatBoost CTGAN": 33,
    "CatBoost CopulaGAN": 21,
    "CatBoost DP-CTGAN": 63,
    "CatBoost GaussianCopula": 16,
    "CatBoost MedGAN": 8,
    "CatBoost PrivBayes": 70,
    "CatBoost TVAE": 1,
    "CatBoost TableGAN": 12,
    "CatBoost WGAN-GP": 31,
    "Count CTAB-GAN": 18,
    "Count CTGAN": 45,
    "Count CopulaGAN": 41,
    "Count DP-CTGAN": 73,
    "Count GaussianCopula": 17,
    "Count MedGAN": 40,
    "Count PrivBayes": 67,
    "Count TVAE": 0,
    "Count TableGAN": 29,
    "Count WGAN-GP": 52,
    "GLMM CTAB-GAN": 15,
    "GLMM CTGAN": 50,
    "GLMM CopulaGAN": 43,
    "GLMM DP-CTGAN": 74,
    "GLMM GaussianCopula": 10,
    "GLMM MedGAN": 24,
    "GLMM PrivBayes": 60,
    "GLMM TVAE": 3,
    "GLMM TableGAN": 27,
    "GLMM WGAN-GP": 53,
    "Target CTAB-GAN": 19,
    "Target CTGAN": 46,
    "Target CopulaGAN": 47,
    "Target DP-CTGAN": 75,
    "Target GaussianCopula": 14,
    "Target MedGAN": 34,
    "Target PrivBayes": 64,
    "Target TVAE": 2,
    "Target TableGAN": 22,
    "Target WGAN-GP": 54,
    "nan CTAB-GAN": 13,
    "nan CTGAN": 44,
    "nan CopulaGAN": 57,
    "nan DP-CTGAN": 76,
    "nan GaussianCopula": 9,
    "nan MedGAN": 42,
    "nan PrivBayes": 77,
    "nan TVAE": 4,
    "nan TableGAN": 35,
    "nan WGAN-GP": 59
}