{
    "Binary CTAB-GAN": 40,
    "Binary CTGAN": 43,
    "Binary CopulaGAN": 11,
    "Binary DP-CTGAN": 79,
    "Binary GaussianCopula": 9,
    "Binary MedGAN": 67,
    "Binary PrivBayes": 23,
    "Binary TVAE": 45,
    "Binary TableGAN": 28,
    "Binary WGAN-GP": 72,
    "CV5GLMM CTAB-GAN": 42,
    "CV5GLMM CTGAN": 46,
    "CV5GLMM CopulaGAN": 26,
    "CV5GLMM DP-CTGAN": 77,
    "CV5GLMM GaussianCopula": 49,
    "CV5GLMM MedGAN": 71,
    "CV5GLMM PrivBayes": 62,
    "CV5GLMM TVAE": 8,
    "CV5GLMM TableGAN": 65,
    "CV5GLMM WGAN-GP": 64,
    "CV5Target CTAB-GAN": 27,
    "CV5Target CTGAN": 37,
    "CV5Target CopulaGAN": 29,
    "CV5Target DP-CTGAN": 76,
    "CV5Target GaussianCopula": 50,
    "CV5Target MedGAN": 66,
    "CV5Target PrivBayes": 59,
    "CV5Target TVAE": 6,
    "CV5Target TableGAN": 58,
    "CV5Target WGAN-GP": 60,
    "CatBoost CTAB-GAN": 25,
    "CatBoost CTGAN": 32,
    "CatBoost CopulaGAN": 18,
    "CatBoost DP-CTGAN": 74,
    "CatBoost GaussianCopula": 30,
    "CatBoost MedGAN": 63,
    "CatBoost PrivBayes": 68,
    "CatBoost TVAE": 2,
    "CatBoost TableGAN": 56,
    "CatBoost WGAN-GP": 55,
    "Count CTAB-GAN": 16,
    "Count CTGAN": 12,
    "Count CopulaGAN": 3,
    "Count DP-CTGAN": 69,
    "Count GaussianCopula": 21,
    "Count MedGAN": 41,
    "Count PrivBayes": 54,
    "Count TVAE": 4,
    "Count TableGAN": 38,
    "Count WGAN-GP": 51,
    "GLMM CTAB-GAN": 24,
    "GLMM CTGAN": 33,
    "GLMM CopulaGAN": 7,
    "GLMM DP-CTGAN": 73,
    "GLMM GaussianCopula": 14,
    "GLMM MedGAN": 44,
    "GLMM PrivBayes": 39,
    "GLMM TVAE": 17,
    "GLMM TableGAN": 36,
    "GLMM WGAN-GP": 57,
    "Target CTAB-GAN": 22,
    "Target CTGAN": 15,
    "Target CopulaGAN": 10,
    "Target DP-CTGAN": 70,
    "Target GaussianCopula": 31,
    "Target MedGAN": 53,
    "Target PrivBayes": 34,
    "Target TVAE": 19,
    "Target TableGAN": 47,
    "Target WGAN-GP": 48,
    "nan CTAB-GAN": 5,
    "nan CTGAN": 20,
    "nan CopulaGAN": 13,
    "nan DP-CTGAN": 78,
    "nan GaussianCopula": 1,
    "nan MedGAN": 35,
    "nan PrivBayes": 52,
    "nan TVAE": 0,
    "nan TableGAN": 61,
    "nan WGAN-GP": 75
}