{
    "Binary CTAB-GAN": 52,
    "Binary CTGAN": 43,
    "Binary CopulaGAN": 31,
    "Binary DP-CTGAN": 78,
    "Binary GaussianCopula": 20,
    "Binary MedGAN": 79,
    "Binary PrivBayes": 70,
    "Binary TVAE": 4,
    "Binary TableGAN": 39,
    "Binary WGAN-GP": 77,
    "CV5GLMM CTAB-GAN": 28,
    "CV5GLMM CTGAN": 29,
    "CV5GLMM CopulaGAN": 30,
    "CV5GLMM DP-CTGAN": 64,
    "CV5GLMM GaussianCopula": 44,
    "CV5GLMM MedGAN": 54,
    "CV5GLMM PrivBayes": 75,
    "CV5GLMM TVAE": 6,
    "CV5GLMM TableGAN": 61,
    "CV5GLMM WGAN-GP": 47,
    "CV5Target CTAB-GAN": 25,
    "CV5Target CTGAN": 27,
    "CV5Target CopulaGAN": 23,
    "CV5Target DP-CTGAN": 59,
    "CV5Target GaussianCopula": 26,
    "CV5Target MedGAN": 60,
    "CV5Target PrivBayes": 72,
    "CV5Target TVAE": 5,
    "CV5Target TableGAN": 62,
    "CV5Target WGAN-GP": 45,
    "CatBoost CTAB-GAN": 22,
    "CatBoost CTGAN": 35,
    "CatBoost CopulaGAN": 24,
    "CatBoost DP-CTGAN": 55,
    "CatBoost GaussianCopula": 40,
    "CatBoost MedGAN": 53,
    "CatBoost PrivBayes": 67,
    "CatBoost TVAE": 7,
    "CatBoost TableGAN": 51,
    "CatBoost WGAN-GP": 41,
    "Count CTAB-GAN": 21,
    "Count CTGAN": 12,
    "Count CopulaGAN": 13,
    "Count DP-CTGAN": 65,
    "Count GaussianCopula": 33,
    "Count MedGAN": 73,
    "Count PrivBayes": 76,
    "Count TVAE": 1,
    "Count TableGAN": 69,
    "Count WGAN-GP": 46,
    "GLMM CTAB-GAN": 16,
    "GLMM CTGAN": 18,
    "GLMM CopulaGAN": 11,
    "GLMM DP-CTGAN": 56,
    "GLMM GaussianCopula": 37,
    "GLMM MedGAN": 48,
    "GLMM PrivBayes": 74,
    "GLMM TVAE": 3,
    "GLMM TableGAN": 50,
    "GLMM WGAN-GP": 38,
    "Target CTAB-GAN": 8,
    "Target CTGAN": 14,
    "Target CopulaGAN": 9,
    "Target DP-CTGAN": 57,
    "Target GaussianCopula": 32,
    "Target MedGAN": 63,
    "Target PrivBayes": 71,
    "Target TVAE": 2,
    "Target TableGAN": 66,
    "Target WGAN-GP": 42,
    "nan CTAB-GAN": 15,
    "nan CTGAN": 19,
    "nan CopulaGAN": 17,
    "nan DP-CTGAN": 68,
    "nan GaussianCopula": 10,
    "nan MedGAN": 34,
    "nan PrivBayes": 49,
    "nan TVAE": 0,
    "nan TableGAN": 36,
    "nan WGAN-GP": 58
}