{
    "Binary CTAB-GAN": 61,
    "Binary CTGAN": 46,
    "Binary CopulaGAN": 49,
    "Binary DP-CTGAN": 79,
    "Binary GaussianCopula": 55,
    "Binary MedGAN": 78,
    "Binary PrivBayes": 75,
    "Binary TVAE": 31,
    "Binary TableGAN": 63,
    "Binary WGAN-GP": 77,
    "CV5GLMM CTAB-GAN": 34,
    "CV5GLMM CTGAN": 25,
    "CV5GLMM CopulaGAN": 13,
    "CV5GLMM DP-CTGAN": 72,
    "CV5GLMM GaussianCopula": 23,
    "CV5GLMM MedGAN": 58,
    "CV5GLMM PrivBayes": 57,
    "CV5GLMM TVAE": 15,
    "CV5GLMM TableGAN": 39,
    "CV5GLMM WGAN-GP": 40,
    "CV5Target CTAB-GAN": 26,
    "CV5Target CTGAN": 21,
    "CV5Target CopulaGAN": 6,
    "CV5Target DP-CTGAN": 67,
    "CV5Target GaussianCopula": 19,
    "CV5Target MedGAN": 59,
    "CV5Target PrivBayes": 54,
    "CV5Target TVAE": 11,
    "CV5Target TableGAN": 47,
    "CV5Target WGAN-GP": 43,
    "CatBoost CTAB-GAN": 35,
    "CatBoost CTGAN": 33,
    "CatBoost CopulaGAN": 22,
    "CatBoost DP-CTGAN": 66,
    "CatBoost GaussianCopula": 32,
    "CatBoost MedGAN": 50,
    "CatBoost PrivBayes": 52,
    "CatBoost TVAE": 28,
    "CatBoost TableGAN": 41,
    "CatBoost WGAN-GP": 37,
    "Count CTAB-GAN": 17,
    "Count CTGAN": 9,
    "Count CopulaGAN": 1,
    "Count DP-CTGAN": 74,
    "Count GaussianCopula": 20,
    "Count MedGAN": 69,
    "Count PrivBayes": 65,
    "Count TVAE": 7,
    "Count TableGAN": 38,
    "Count WGAN-GP": 42,
    "GLMM CTAB-GAN": 16,
    "GLMM CTGAN": 4,
    "GLMM CopulaGAN": 2,
    "GLMM DP-CTGAN": 70,
    "GLMM GaussianCopula": 27,
    "GLMM MedGAN": 60,
    "GLMM PrivBayes": 53,
    "GLMM TVAE": 5,
    "GLMM TableGAN": 36,
    "GLMM WGAN-GP": 45,
    "Target CTAB-GAN": 12,
    "Target CTGAN": 8,
    "Target CopulaGAN": 0,
    "Target DP-CTGAN": 71,
    "Target GaussianCopula": 24,
    "Target MedGAN": 68,
    "Target PrivBayes": 56,
    "Target TVAE": 3,
    "Target TableGAN": 64,
    "Target WGAN-GP": 48,
    "nan CTAB-GAN": 30,
    "nan CTGAN": 29,
    "nan CopulaGAN": 10,
    "nan DP-CTGAN": 73,
    "nan GaussianCopula": 18,
    "nan MedGAN": 44,
    "nan PrivBayes": 76,
    "nan TVAE": 14,
    "nan TableGAN": 51,
    "nan WGAN-GP": 62
}