{
    "Binary CTAB-GAN": 30,
    "Binary CTGAN": 38,
    "Binary CopulaGAN": 32,
    "Binary DP-CTGAN": 79,
    "Binary GaussianCopula": 36,
    "Binary MedGAN": 78,
    "Binary PrivBayes": 56,
    "Binary TVAE": 7,
    "Binary TableGAN": 57,
    "Binary WGAN-GP": 52,
    "CV5GLMM CTAB-GAN": 11,
    "CV5GLMM CTGAN": 33,
    "CV5GLMM CopulaGAN": 15,
    "CV5GLMM DP-CTGAN": 60,
    "CV5GLMM GaussianCopula": 16,
    "CV5GLMM MedGAN": 68,
    "CV5GLMM PrivBayes": 76,
    "CV5GLMM TVAE": 0,
    "CV5GLMM TableGAN": 71,
    "CV5GLMM WGAN-GP": 43,
    "CV5Target CTAB-GAN": 20,
    "CV5Target CTGAN": 35,
    "CV5Target CopulaGAN": 12,
    "CV5Target DP-CTGAN": 58,
    "CV5Target GaussianCopula": 25,
    "CV5Target MedGAN": 54,
    "CV5Target PrivBayes": 77,
    "CV5Target TVAE": 4,
    "CV5Target TableGAN": 44,
    "CV5Target WGAN-GP": 47,
    "CatBoost CTAB-GAN": 21,
    "CatBoost CTGAN": 39,
    "CatBoost CopulaGAN": 13,
    "CatBoost DP-CTGAN": 63,
    "CatBoost GaussianCopula": 27,
    "CatBoost MedGAN": 66,
    "CatBoost PrivBayes": 64,
    "CatBoost TVAE": 5,
    "CatBoost TableGAN": 46,
    "CatBoost WGAN-GP": 48,
    "Count CTAB-GAN": 14,
    "Count CTGAN": 31,
    "Count CopulaGAN": 18,
    "Count DP-CTGAN": 59,
    "Count GaussianCopula": 28,
    "Count MedGAN": 69,
    "Count PrivBayes": 53,
    "Count TVAE": 6,
    "Count TableGAN": 50,
    "Count WGAN-GP": 40,
    "GLMM CTAB-GAN": 17,
    "GLMM CTGAN": 34,
    "GLMM CopulaGAN": 9,
    "GLMM DP-CTGAN": 61,
    "GLMM GaussianCopula": 26,
    "GLMM MedGAN": 67,
    "GLMM PrivBayes": 75,
    "GLMM TVAE": 2,
    "GLMM TableGAN": 72,
    "GLMM WGAN-GP": 41,
    "Target CTAB-GAN": 10,
    "Target CTGAN": 29,
    "Target CopulaGAN": 8,
    "Target DP-CTGAN": 65,
    "Target GaussianCopula": 23,
    "Target MedGAN": 70,
    "Target PrivBayes": 74,
    "Target TVAE": 1,
    "Target TableGAN": 45,
    "Target WGAN-GP": 42,
    "nan CTAB-GAN": 22,
    "nan CTGAN": 37,
    "nan CopulaGAN": 24,
    "nan DP-CTGAN": 62,
    "nan GaussianCopula": 19,
    "nan MedGAN": 73,
    "nan PrivBayes": 55,
    "nan TVAE": 3,
    "nan TableGAN": 51,
    "nan WGAN-GP": 49
}