{
    "Binary CTAB-GAN": 72,
    "Binary CTGAN": 76,
    "Binary CopulaGAN": 74,
    "Binary DP-CTGAN": 79,
    "Binary GaussianCopula": 63,
    "Binary MedGAN": 75,
    "Binary PrivBayes": 77,
    "Binary TVAE": 53,
    "Binary TableGAN": 59,
    "Binary WGAN-GP": 78,
    "CV5GLMM CTAB-GAN": 34,
    "CV5GLMM CTGAN": 56,
    "CV5GLMM CopulaGAN": 46,
    "CV5GLMM DP-CTGAN": 70,
    "CV5GLMM GaussianCopula": 57,
    "CV5GLMM MedGAN": 64,
    "CV5GLMM PrivBayes": 66,
    "CV5GLMM TVAE": 4,
    "CV5GLMM TableGAN": 54,
    "CV5GLMM WGAN-GP": 51,
    "CV5Target CTAB-GAN": 15,
    "CV5Target CTGAN": 27,
    "CV5Target CopulaGAN": 26,
    "CV5Target DP-CTGAN": 67,
    "CV5Target GaussianCopula": 30,
    "CV5Target MedGAN": 49,
    "CV5Target PrivBayes": 55,
    "CV5Target TVAE": 6,
    "CV5Target TableGAN": 39,
    "CV5Target WGAN-GP": 45,
    "CatBoost CTAB-GAN": 5,
    "CatBoost CTGAN": 8,
    "CatBoost CopulaGAN": 10,
    "CatBoost DP-CTGAN": 60,
    "CatBoost GaussianCopula": 21,
    "CatBoost MedGAN": 24,
    "CatBoost PrivBayes": 71,
    "CatBoost TVAE": 0,
    "CatBoost TableGAN": 22,
    "CatBoost WGAN-GP": 25,
    "Count CTAB-GAN": 18,
    "Count CTGAN": 16,
    "Count CopulaGAN": 11,
    "Count DP-CTGAN": 68,
    "Count GaussianCopula": 31,
    "Count MedGAN": 40,
    "Count PrivBayes": 52,
    "Count TVAE": 1,
    "Count TableGAN": 33,
    "Count WGAN-GP": 43,
    "GLMM CTAB-GAN": 41,
    "GLMM CTGAN": 47,
    "GLMM CopulaGAN": 12,
    "GLMM DP-CTGAN": 69,
    "GLMM GaussianCopula": 23,
    "GLMM MedGAN": 58,
    "GLMM PrivBayes": 48,
    "GLMM TVAE": 7,
    "GLMM TableGAN": 35,
    "GLMM WGAN-GP": 50,
    "Target CTAB-GAN": 13,
    "Target CTGAN": 14,
    "Target CopulaGAN": 9,
    "Target DP-CTGAN": 65,
    "Target GaussianCopula": 29,
    "Target MedGAN": 32,
    "Target PrivBayes": 42,
    "Target TVAE": 2,
    "Target TableGAN": 36,
    "Target WGAN-GP": 44,
    "nan CTAB-GAN": 17,
    "nan CTGAN": 19,
    "nan CopulaGAN": 38,
    "nan DP-CTGAN": 73,
    "nan GaussianCopula": 20,
    "nan MedGAN": 28,
    "nan PrivBayes": 61,
    "nan TVAE": 3,
    "nan TableGAN": 37,
    "nan WGAN-GP": 62
}