{
    "Binary CTAB-GAN": 75,
    "Binary CTGAN": 74,
    "Binary CopulaGAN": 72,
    "Binary DP-CTGAN": 77,
    "Binary GaussianCopula": 70,
    "Binary MedGAN": 78,
    "Binary PrivBayes": 76,
    "Binary TVAE": 73,
    "Binary TableGAN": 71,
    "Binary WGAN-GP": 79,
    "CV5GLMM CTAB-GAN": 24,
    "CV5GLMM CTGAN": 21,
    "CV5GLMM CopulaGAN": 6,
    "CV5GLMM DP-CTGAN": 49,
    "CV5GLMM GaussianCopula": 22,
    "CV5GLMM MedGAN": 52,
    "CV5GLMM PrivBayes": 50,
    "CV5GLMM TVAE": 0,
    "CV5GLMM TableGAN": 56,
    "CV5GLMM WGAN-GP": 33,
    "CV5Target CTAB-GAN": 34,
    "CV5Target CTGAN": 39,
    "CV5Target CopulaGAN": 31,
    "CV5Target DP-CTGAN": 51,
    "CV5Target GaussianCopula": 35,
    "CV5Target MedGAN": 57,
    "CV5Target PrivBayes": 54,
    "CV5Target TVAE": 8,
    "CV5Target TableGAN": 60,
    "CV5Target WGAN-GP": 40,
    "CatBoost CTAB-GAN": 20,
    "CatBoost CTGAN": 23,
    "CatBoost CopulaGAN": 17,
    "CatBoost DP-CTGAN": 47,
    "CatBoost GaussianCopula": 26,
    "CatBoost MedGAN": 37,
    "CatBoost PrivBayes": 48,
    "CatBoost TVAE": 5,
    "CatBoost TableGAN": 38,
    "CatBoost WGAN-GP": 32,
    "Count CTAB-GAN": 12,
    "Count CTGAN": 11,
    "Count CopulaGAN": 3,
    "Count DP-CTGAN": 59,
    "Count GaussianCopula": 15,
    "Count MedGAN": 64,
    "Count PrivBayes": 65,
    "Count TVAE": 16,
    "Count TableGAN": 55,
    "Count WGAN-GP": 44,
    "GLMM CTAB-GAN": 36,
    "GLMM CTGAN": 18,
    "GLMM CopulaGAN": 1,
    "GLMM DP-CTGAN": 53,
    "GLMM GaussianCopula": 7,
    "GLMM MedGAN": 63,
    "GLMM PrivBayes": 67,
    "GLMM TVAE": 13,
    "GLMM TableGAN": 62,
    "GLMM WGAN-GP": 41,
    "Target CTAB-GAN": 14,
    "Target CTGAN": 9,
    "Target CopulaGAN": 4,
    "Target DP-CTGAN": 58,
    "Target GaussianCopula": 25,
    "Target MedGAN": 69,
    "Target PrivBayes": 66,
    "Target TVAE": 10,
    "Target TableGAN": 68,
    "Target WGAN-GP": 45,
    "nan CTAB-GAN": 42,
    "nan CTGAN": 30,
    "nan CopulaGAN": 29,
    "nan DP-CTGAN": 43,
    "nan GaussianCopula": 19,
    "nan MedGAN": 27,
    "nan PrivBayes": 28,
    "nan TVAE": 2,
    "nan TableGAN": 61,
    "nan WGAN-GP": 46
}