{
    "Binary CTAB-GAN": 61,
    "Binary CTGAN": 67,
    "Binary CopulaGAN": 63,
    "Binary DP-CTGAN": 78,
    "Binary GaussianCopula": 48,
    "Binary MedGAN": 79,
    "Binary PrivBayes": 76,
    "Binary TVAE": 28,
    "Binary TableGAN": 75,
    "Binary WGAN-GP": 77,
    "CV5GLMM CTAB-GAN": 12,
    "CV5GLMM CTGAN": 22,
    "CV5GLMM CopulaGAN": 13,
    "CV5GLMM DP-CTGAN": 70,
    "CV5GLMM GaussianCopula": 26,
    "CV5GLMM MedGAN": 57,
    "CV5GLMM PrivBayes": 54,
    "CV5GLMM TVAE": 0,
    "CV5GLMM TableGAN": 39,
    "CV5GLMM WGAN-GP": 35,
    "CV5Target CTAB-GAN": 7,
    "CV5Target CTGAN": 27,
    "CV5Target CopulaGAN": 14,
    "CV5Target DP-CTGAN": 69,
    "CV5Target GaussianCopula": 36,
    "CV5Target MedGAN": 62,
    "CV5Target PrivBayes": 53,
    "CV5Target TVAE": 1,
    "CV5Target TableGAN": 43,
    "CV5Target WGAN-GP": 45,
    "CatBoost CTAB-GAN": 11,
    "CatBoost CTGAN": 29,
    "CatBoost CopulaGAN": 16,
    "CatBoost DP-CTGAN": 74,
    "CatBoost GaussianCopula": 18,
    "CatBoost MedGAN": 60,
    "CatBoost PrivBayes": 55,
    "CatBoost TVAE": 2,
    "CatBoost TableGAN": 44,
    "CatBoost WGAN-GP": 34,
    "Count CTAB-GAN": 19,
    "Count CTGAN": 30,
    "Count CopulaGAN": 20,
    "Count DP-CTGAN": 72,
    "Count GaussianCopula": 23,
    "Count MedGAN": 66,
    "Count PrivBayes": 58,
    "Count TVAE": 6,
    "Count TableGAN": 38,
    "Count WGAN-GP": 46,
    "GLMM CTAB-GAN": 9,
    "GLMM CTGAN": 24,
    "GLMM CopulaGAN": 17,
    "GLMM DP-CTGAN": 73,
    "GLMM GaussianCopula": 33,
    "GLMM MedGAN": 65,
    "GLMM PrivBayes": 52,
    "GLMM TVAE": 3,
    "GLMM TableGAN": 40,
    "GLMM WGAN-GP": 47,
    "Target CTAB-GAN": 10,
    "Target CTGAN": 25,
    "Target CopulaGAN": 15,
    "Target DP-CTGAN": 71,
    "Target GaussianCopula": 31,
    "Target MedGAN": 51,
    "Target PrivBayes": 49,
    "Target TVAE": 4,
    "Target TableGAN": 41,
    "Target WGAN-GP": 42,
    "nan CTAB-GAN": 8,
    "nan CTGAN": 32,
    "nan CopulaGAN": 21,
    "nan DP-CTGAN": 68,
    "nan GaussianCopula": 37,
    "nan MedGAN": 50,
    "nan PrivBayes": 59,
    "nan TVAE": 5,
    "nan TableGAN": 56,
    "nan WGAN-GP": 64
}